Abacus	अकगणक
Ab_initio	आरम्भ_से
Abem	पूरा_आड़े
Abide_by_the_rules	नियमों_का_पालन_करना
Abnormal_increase	असामान्य_वृद्धि
Abolish	मिटा_देना__खत्म_करना
Aboriginal	आदिम__प्राचीन
Aborted_take_off	विफल_उत्पन
Above_cited/_mentioned	ऊपर_दिया_हुआ__ऊपर_उल्लिखित__उपर्युक्त
Above_gound_level	भूमि_तल_से_ऊपर
Abridgement	संक्षेपण
Abrogation	निराकरण
Abrupt_wave	आकस्मिक_तंरग
Absence_without_permission	बिना_अनुमति_गैर_हाजिरी/अनुपस्थिति
Absent_without_leave	बिना_छुट्टी_लिए_अनुपस्थित
Absolve	विमुक्त_करना__दोष_रहित_सिद्ध_करना
Absolute	निरपेक्ष__परम
Absorb	सोखना__अवशोषण_करना
Absorber	अवशोषण
Absorption	आमेलन__विलयन
Abstract_budget	संक्षिप्त_बजट
Abuse_of_Rule	नियम_का_दुरुपयोग
Academic_council	शैक्षणिक_परिषद्
Academic_courses	शैक्षणिक_पाठ्यक्रम
Acceptance_note	स्वीकृति_पत्र
Accepted_provisionally	अनन्तिम_रूप_से_स्वीकृत
Accepted_tenders	स्वीकृत_निविदाएं
Accession_number	अधिमिलन_संख्या
Accessory	उपसाधन
Accident	दुर्घटना
Acclimatization	परिस्थिति-अनुकूलन__दशानुकूलन
Accommodating_terms	सुविधाजनक_शर्ते
Accompanying_letter	संलग्न_पत्र
Accord	समझौता__प्रदान_करना__देना__अनुरूप_होना__मेल
Accumulation	संचयन
Across	आर-पार
Act_of_omission_and_commission	भूल-चूक
Action_taken_report	कार्रवाई_रिपोर्ट/की_गई_कार्यवाही_संबंधी_प्रतिवेदन
Active_consideration	तत्परता_से_विचार__सक्रिय_रूप_से_विचार
Active_air	सक्रिय_वायु
Acton	एक्टन/ऐच्छिक_संचालन
Actual_entry	वास्तविक_प्रविष्टि
Ad_infinitum	निरवधि__अनंत_तक
Ad_interim	अन्तःकालीन__अन्तरिम
Ad_valorem	यथामूल्य__मूल्यानुसार
Adaptation	अनुकूलन
Adapted_to_our_needs	अपनी_आवष्यकता_के_अनुसार_अनुकूलित
Addendum	प्रिशिष्ट__अनुबंध__अनुशेष
Adjournment	विधेयक_पर_चर्चा_का_स्थगन
Adjournment_of_Rajya_Sabha	राज्य_सभा_का_स्थगन
Adjudication	अधिनिर्णय__न्याय_निर्णयन
Adjusting_entry	समायोजन_प्रविष्टि
Adjustment	समायोजन
Adjustment_account	समायोजन_लेखा
Administer	प्रभाव_में_लाना__प्रशासन_करना__संचालन_करना__प्रबंध_करना
Administrative	प्रशासनिक
Administrative_head	प्रशासी_प्रधान__मद__शीर्ष
Administrative_tribunal	प्रशासनिक_अधिकरण
Admissibility	ग्राह्यता__स्वीकार्यता
Admissible	ग्राह्य__स्वीकार्य
Admissible_value	स्वीकार्य_मूल्य
Admission_of_Notice	सूचना_स्वीकार_किया_जाना
Admitted	गृहीत__स्वीकृत
Admitted_Motions	गृहीत_प्रस्ताव
Admonish	भर्त्सना_करना
Adopt_the_Motion	प्रस्ताव_स्वीकार_करना
Adopted_by_the_House	सभा_द्वारा_स्वीकार_किया_गया
Adulteration	मिलावट__अपमिश्रण
Advance_Notice	पूर्व_सूचना__अग्रिम_सूचना
Advance_publicity_of_notices	सूचनाओं_का_पहले_से_प्रचार
Advance_Sheets	अग्रिम_पत्र
Advice_of_dispatch	प्रेषण_की_सूचना
Advice_of_payment	भुगतान-संज्ञापन
Advisory_Committee	सलाहकार_समिति
Advocate_General	महाध्विक्ता
Aerial_weight	एरियल_भार
Aerobatics	हवाई_कलाबाजी
Aerodrome	हवाईअड्डा
Affirmation	प्रतिज्ञान
After_Consultation_with	से_परामर्श_करके
Agenda	कार्यसूची
Agenda_for_the_day	दिवस_की_कार्यसूची
Agenda_Papers	कार्यसूची_संबंधित_पत्र
Aggregation	समुच्चय__समूह
Aggrieved	व्यथित
Agrarian	भूमि_संबंधित__कृषिक
Agreed_to_the_Bill	बिल_पर_सहमति_प्रकट_कर_दी_है
Agreement	करार__समझौता
Aircraft	विमान
Aircraft_distance	आकाशीय_दूरी
Airfield	विमान_क्षेत्र
Air_flow	वायु-प्रवाह
Air_Traffic_Services	विमान_यातायात_सेवायें
Airline_Transport_Pilot's_Licence	एयरलाइन_परिवाहन_पायलट_लाइसेंस
Air_Motion	वायु_गति
Airport_/	विमानपत्तन_हवाई_अड्डा
Air_space	वायु_आकाश
Air_strip	हवाई_पट्टी
Air_talks	विमान_वार्ता
Airway	वायुपथ/वायुमार्ग
Airways	विमान_सेवा
Airworthiness	उड़ानयोग्यता
Allegation	आरोप__दोषारोपण
Allegiance	निष्ठा__राज्य_निष्ठा
Alliance	मैत्री__गठबन्धन
Allocation	निर्धारण__आवंटन
Allocation_of_business	कार्य_आवंटन
Allocation_of_funds	निधि_आवंटन
Allotment	आवंटन
Allow	अनुमति_देना
Allowances	भत्ते
Alteration	परिवर्तन
Altitudes_/	उँचाई_तुंगता
Amalgamation	समामेलन__समाहित_करना
Ambit	विस्तार_क्षेत्र__दायरा
Amelioration	बेहतरी__निवारण__निराकरण
Amending_Bill	संशोधनकारी_विधेयक__संशोधित_विधेयक
Amendment	संशोधन__सुधर
Amenities	सुख-सुविधएँ
Amortization	परिशोधन
Amplitude	आयाम__कोणांक
Analogous	अनुरूप
Ancillary	अनुशंगी__सहायक__गौण
Ancillary_motion	सहायक_प्रस्ताव
Ancillary_powers	आनुशंगिक_शक्तियां
Anemometer	वायुवेगमापी
Anglo-Indian	आंग्ल-भारतीय
Annexure	अनुपत्र
Announcement	घोषणा
Annual_Financial_Statement	वार्षिक_वित्तीय_विवरण
Annual_Report	वार्षिक_प्रतिवेदन
Annuity	वार्षिकी
Antecedent	पूर्वगामी__पूर्ववृत्त
Anticipating_discussion	चर्चा_की_प्रत्याशा
Anticlockwise	वामावर्त__विपरीत_दिशा_से
Antiquities	पुरावशेष
Apex	शीर्ष__उच्च
Appendant	उपाबन्ध__संलग्नक
Appendix	परिशिष्ट
Appliance	उपकरण
Applicability	लागू_होना
Application_of_order	आदेश_का_लागू_होना
Apportionment	प्रभाजन__निर्धारण__नियतन
Appraisal	आंकना__मूल्यनिरूपण__मूल्यांकन
Appreciation_in_price	मूल्य_में_वृद्धि
Apprehension	शंका
Apprentice	प्रशिक्षु__प्रशिक्षणार्थी
Approbation	अनुमोदन
Approbation_and_approval	समनुमोदन_और_अनुमोदन
Appropriation_Bill	विनियोग_विधेयक
Approval_and_permission	अनुमोदन_और_अनुज्ञा
Approved_as_proposed	यथाप्रस्तावित_अनुमोदित
Apropos	के_संदर्भ_में
Arbitration	माध्यस्थम
Arbitration_award	माध्यस्थम_पंचाट
Arbitrator's_award	मध्यस्थ_का_अधिनिर्णय
Archives	अभिलेखागार
Arduous	कठिन__दुष्कर_शंका
Arises,_if_a_question	यदि_यह_प्रश्न_उठता_है
Arising_in_the_course_of	के_दौरान_उत्पन्न_होने_वाला_प्रशिक्षु__प्रशिक्षणार्थी
Arithmetical_mistake	गणित_संबंधी_भूल
Article	अनुच्छेद
As_a_matter_of_fact	यथार्थतः__वस्तुतः__वास्तव_में__दरअसल
As_a_special_case	विशेष_मामले_के_रूप_में
As_already_pointed_out	जैसा_कि_पहले_बताया_जा_चुका_है
As_an_exception	अपवाद_स्वरूप
As_far_as_practicable	यथा_व्यवहार्य
As_hereinafter_provided	जैसा_नीचे_लिखा_है__इसके_आगे_दिए_अनुसार
As_in_force_for_the_time_being	जैसा_फिलहाल_प्रवृत्त/लागू_हो
As_may_be_prescribed	जो_विहित_किया_जाए
As_per_details_below	नीचे_दिए_ब्यौरे_के_अनुसार
As_per_extant_orders	वर्तमान_आदेशों_के_अनुसार
As_per_instructions	हिदायत_के_अनुसार__अनुदेशानुसार
As_proposed	यथाप्रस्तावित
As_you_are,_no_doubt,_aware	जैसाकि_आपको_निस्संदेह_विदित_है
Ascending_order,_in	आरोही_क्रम_में
Ask_for_leave_of_the_House	सभा_से_अनुमति_मांगना
Aspersion	लांछन__आरोप
Assayer	पारखी__मूल्यांकनकर्ता
Assemble	समवेत_होना__एकत्र_होना
Assent	सहमति__स्वीकृति__अनुमति
Assent_of_the_President	राष्ट्रपति_की_अनुमति
Assent_to_bill	विधेयक_पर_सहमति
Assessed	निर्धारित
Assessment	निर्धारण__मूल्यांकन__आकलन
Assessment_of_damage	क्षति_निर्धारण__नुकसान_का_आकलन
Assessment_of_revenue	राजस्व_निर्धारण
Assets	आस्तियां__परिसंपत्तियां
Assistant_Flight_Instructor's_Rating_(Aeroplanes)	सहायक_उड़ान_अनुदेशक_रेटिंग_(विमान)
Atmosphere	वायुमंडल
Aviation	विमानन
Aviation_fuel	विमान_ईंधन
Axial_engine	अक्षीय_इंजन
Axis	अक्ष
Axle	धुरा__धुरी
Backsight	पश्चवालोकन
Back_belt	पृष्ठाधारी_पट्टा
Back_flow_/	पश्च_गरारी_पश्च_गियर
Balance_point	संतुलन_बिन्दु
Ballistic	प्राक्षेपिक
Basic_value	आधार_मूल्य
Barograph	वायुदाब_लेखी
Barometer	वायुदाब_मापी
Barrier	रोध/रोधिका
Base_line	आधार_रेखा
Basic_Aircraft_Maintenance	मूल_विमान_अनुरक्षण
Basic_runwal_lenth	मूल_धावनपथ_लम्बाई
Beacon_/	बीकन_प्रकाशदीप
Bench_mark	निर्देश_चिन्ह__मानक
Beneficiaries	लाभार्थी
Benevolence	हितकारिता
Benevolent_fund	हितकारी_निधि
Best_endeavours	भरसक_प्रयत्न__पूरा_प्रयास
Best_price_obtainable	अधिकतम_प्राप्य_मूल्य
Betterment_tax	समुन्नति_कर
Biased_opinion	पक्षपातपूर्ण_मत
Biennial	द्विवार्षिक
Biennial_Elections	द्विवार्षिक_निर्वाचन
Bilateral_agreement	द्विपक्षीय_समझौता_विधेयक
Bill_as_introduced	विधेयक__पुरःस्थापित_रूप_में
Bill_is_postponed	विधेयक_स्थगित_किया_गया
Bill_passed	विधेयक_पारित_किया_गया
Bill_returned	विधेयक_लौटाया_गया
Bill_under_consideration	विचाराधीन_विधेयक
Bill_withdrawn	विधेयक_वापस_लिया_गया
Bindin	बाध्यकारी__अनिवार्य
Birth_Anniversary	जयंती
Blanket_deal	व्यापक_सौदा
Blanket_order	व्यापक_आदेश
Bold_letters,_in	स्पष्ट_अक्षरों_में
Bonafide	वास्तविक__सद्भावपूर्वक__सद्भाव_से
Bone_of_contention	झगड़े_की_जड़__विवाद_का_विषय
Booming_economy	समृद्ध_अर्थव्यवस्था
Borne_on_the_cadre	काडर_में__काडर_के
Bottle_necks	बाधएं__गतिरोध__रुकावटें
Brains_drain	प्रतिभा_पलायन
Breach_of_discipline	अनुशासन_भंग__अनुशासनहीनता
Breach_of_Privilege	विशेषाधिकार_हनन__विशेषाधिकार_भंग
Brake,_air	वायु_चालित_ब्रेक
Break_up	ब्यौरा
Brevity	संक्षिप्तता
Brief_note	संक्षिप्त_टिप्पण
Bring_to_naught	नष्ट_करना__शून्य_स्तर_तक_लाना
Brochure	विवरणिका
Budget	बजट
Budgetary_allocation	बजटीय_आबंटन
Bulk_inspection	सामूहिक_निरीक्षण
Bulk_of_expenditure	अधिकांश-व्यय
Bulletin	बुलेटिन/समाचार
Business	काम-काज__कार्य__व्यापार
Business_Advisory_Committee	कार्य_मंत्रणा_समिति
Business_before_the_House	सभा_के_समक्ष_कार्य
Business_of_the_House	सभा_का_कार्य
Buy-back	प्रति-क्रय__पुनः_खरीद
Bye-law	उपनियम
By_pass	उपमार्ग
Cabin	कक्ष__केबिन
Cabinet	मंत्रिमंडल__अलमारी__पेटिका
Cabinet_Committee	मंत्रिमंडलीय_समिति_कैबिनेट_कमेटी
Cabinet_Minister	मंत्रिमंडल_स्तर_के_मंत्री__कैबिनेट_मंत्री
Cabinet_Note	मंत्रिमंडल_टिप्पण__कैबिनेट_नोट
Calculated_to_deceive	धेखा_देने_की_नीयत_से
Call_upon_to_show_cause	कारण_बताने_को_कहा_जाए
Calling_Attention	ध्यानाकर्षण
Calling_Attention_Motion	ध्यानाकर्षण_प्रस्ताव
Calling_Attention_Notice	ध्यानाकर्षण_सूचना
Cancellation	अपवर्तन__निरसन__रद्द_करना__विलोपन
Cancellation_of_indent	इंडेंट_रद्द_करना
Capital_account	पूंजी_लेखा
Capitulation	आत्मसमर्पण_पत्र
Carrying_over	आगे_ले_जाना
Carte_blanche	पूर्ण_स्वतंत्रता
Cartelization	संघबद्ध_होना
Case_is_put_up_for_orders	मामला_आदेश_के_लिए_प्रस्तुत_है
Case_is_under_consideration	मामला_विचाराधीन_है
Case_study	वस्तुस्थिति_अध्यन
Cast_gear	ढला_गियर
Cash_balance	रोकड़_शेष/बाकी__नकदी_बाकी/शेष
Cash_book	रोकड़_बही
Cash_memo	कैश_मेमो
Cash_payment	नकद_भुगतान
Casual_vacancies	आकस्मिक_रूप_से_रिक्त_हुए_स्थान
Catalogue	ग्रंथ-सूची__सूचीपत्र
Catch_word	सूचक_शब्द__महत्वपूर्ण_शब्द
Category	श्रेणी
Cease	बन्द_करना__समाप्त_करना
Censure_Motion	निन्दा_प्रस्ताव
Centre_of_gravity	गुरुत्व_केन्द्र
Central_Hall	केन्द्रीय_कक्ष
Ceremonial_Lounge	समारोह_लाउन्ज
Certificate,_last_pay	अंतिम_वेतन_पत्र
Certiorary	उत्प्रेषण
Cess	उपकर
Chair	सभापीठ
Chairman	सभापति
Chairman_of_Committee	समिति_का_अध्यक्ष
Chairman,_Rajya_Sabha	सभापति__राज्य_सभा
Chambers	कक्ष
Chapter	अध्याय__पाठ
Charge,_assumption_of	कार्यभार_ग्रहण_करना
Charge,_relinquishment_of	कार्यभार_का_परित्याग
Check_List	जाँच्_सूची
Chief_Whip	मुख्य_सचेतक
Chronology	कालक्रम
Circulated	परिचालित
Circulation	परिचालन
Civil_aeronautics_act	नागर_वैमानिक_अधिनियम
Climatology	जलवायु-विज्ञान
Clock_Frequency	कालद_आवृति
Closure	समापन
Cloud_hide	मेधाच्द_ऊँचाई
Clubbing	साथ-साथ__संयुक्त_करना
Coalition	मिली_जुली__साझा__गठबंधन__सम्मिलन_
Cockpit	चालक_कक्ष/काकपिट
Cohesive_Energy	संसजक_ऊर्जा
Code_light	संकेतक_प्रकाश
Code_of_Conduct	आचार_संहिता
Code_of_criminal_procedure	दंड_प्रक्रिया_संहिता
Coercion	प्रपीड़न__बल_प्रयोग__जोर_जबरदस्ती
Collateral_security	संपर्शिवक_प्रतिभूति
Collective_responsibility	सामूहिक_जिम्मेदारी__दायित्व
Collision	टक्कर
Commercial_Aircraft	व्यापारिक_विमान
Commercial_Helicopter_Pilot's_Licence	वाणिज्य_हेलीकाप्टर_पायलट_लाइसेंस
Commercial_Pilot's_Licence_(Aeroplanes)	वाणिज्य_पायलट_लाइसेंस
Commemorative	स्मारक__स्मृति_स्वरूप
Commencement	प्रारम्भ
Commencement_Clause	प्रारंभिक_खंड
Commencement_of_the_Session	सत्र_का_प्रारम्भ
Commendable	प्रशंसनीय__सराहनीय
Commensurate	अनुरूप
Comments_of_the_committee	समिति_की_टिप्पणी
Committee_observes_/	समिति_समुक्ति_करती_है_कि_समिति_का_विचार_है_कि
Committee_of_Privileges	विशेषाधिकार_समिति
Committee_on_Ethics	आचार_समिति
Compass	कुतुबनुमा__दिवसूचक__कम्पास
Compressor_/	संपीडिक_संपडिक
Comprehensive_programme	व्यापक_कार्यक्रम
Comptroller_and_Auditor_General	नियंत्रक_और_महालेखापरीक्षक
Compute	संगणन_करना__गणना
Condenser	द्रवणित__संघनित्र
Concentration	एकाग्रता__संकेद्रण
Concerted_efforts	संयुक्त_प्रयास__ठोस_प्रयास
Conciliation_proceedings	सुलह_कार्यवाही
Conclusion_of_the_Address	अभिभाषण_की_समाप्ति
Concurrence	सहमति
Concurrent_evaluation_system	समवर्ती_मूल्यांकन_प्रणाली
Concurrent_List	समवर्ती_सूची
Conduct	आचरण__व्यवहार__संचालन
Consensus	सहमति
Constituent_Assembly	संविधान_सभा
Constitute	गठित_करना__गठन_करना
Constitution	संविधान__विधान__नियम__व्यवस्था
Constitutional_Law	संवैधानिक_विधि
Constitutional_or_Statutory_Provision	संवैधानिक_अथवा_सांविधिक_उपबंध
Constitutional_Provision	संवैधानिक_प्रावधान
Construe	अर्थ_लगाना__समझना
Consular_functions	कौंसलीय_कृत्य__कौंसल_संबंधी_कार्य
Consultative_Committee	परामर्शदात्री_समिति
Consumable_items	उपभोज्य_वस्तु
Consumer_affairs	उपभोक्ता_मामले
Contain	अंतर्विष्ट
Contemporaneous	समकालीन
Contention_is_untenable	कथन_असमर्थनीय_है
Contextual_requirement	प्रासंगिक_आवश्यकता
Contiguous	संसक्त__सटा_हुआ__निकटस्थ
Contingencies	आकस्मिक_व्यय
Contingencies	आकस्मिकताएं
Contingency_plan	आपात_योजना
Continued	क्रमागत
Control_Area	नियन्त्रण_क्षेत्र
Convection	संवहन
Co-Pilot	सह-पायलट
Cross_wind_force	अनुप्रस्थ_पवन_बल
Cruise	परिभ्रमण
Damage_Line	क्षति_रेखा
Damp_Atmosphere	आर्द्ध_वायूमण्डल
Danger_Area	खतरनाक_क्षेत्र
Dead_Conductor	निष्क्रिय_चालक
Dead_Engine	बन्द_इजन
Delegate	प्रत्यायोजित_करना__सौंपना
Delegation	शिष्टमंडल__प्रतिनिधि-मंडल__प्रत्यायोजन
Delete	काटना__हटाना__निकाल_देना__मिटाना
Deletion	उच्छेद__विलोप__विलोपन__अपमार्जन__हटा_दिया_जाना
Deliberation	विचार-विमर्श__पर्यालोचन_
Deliberative_Functions	विमर्शकारी_कार्यकलाप
Density	सघनता__घनत्व
Departure_Line	प्रस्थान_रेखा
Depose	अभिसाक्ष्य_देना
Deputation	प्रतिनियुक्ति__शिष्टमंडल
Deep_bed	हवा_पट्टी
Dereservation	आरक्षण_समाप्त_करना
Derogation	अल्पीकरण__अनादर
Designated	नामोद्दिश्ट__पदनामित__पदाभिहित
Desirability	वांछनीयता
Detector	संसूचक
Detrimental	हानिकर
Devaluation	अवमूल्यन
Device	विधि__उपाय
Devolution	अन्तरण__हस्तांतरण
Diameter	व्यास
Diffusion	विसरक
Dies_non	अकार्य_दिवस
Diglot_edition	द्विभाषिक_संस्करण
Dignitary	गण्यमान्य_व्यक्ति__प्रतिष्ठित_व्यक्ति
Dignity	गरिमा
Dignity_and_Decorum	गरिमा_और_शालीनता
Dilatory	विलम्बकारी
Dilatory_Motion	विलम्बकारी_प्रस्ताव_तत्परता_
Diligent	परिश्रमी__उद्यमी__अध्यवसायी
Diplomatic	राजनयिक__कूटनीतिज्ञ
Discharge	विसर्जन
Disfigure	विरूपित_करना__विकृत_करना
Disinvestment	विनिवेश
Dismay	व्यथित_होना__मोहभंग_होना
Dismiss	पदच्युत_करना
Disorderly_conduct	अनुचित_आचरण
Dispassionate_opinion	निष्पक्ष_राय
Displeasure	अप्रसन्नता__नाखुशी__नाराजगी
Disposal	निपटारा
Disposal_of_amendment	संशोधन_का_निपटाया_जाना
Disqualification	निरर्हता__अयोग्यता
Distance_Measuring_Equipment	दूरी_मापक_उपकरण
Distance_velocity_lag	दूरी_वेग-पश्चता
Divergences	अपसरण
Documentation	प्रलेखन
Domestic_Flight	घरेलू_उड़ान
Domicile	अधिवास__निवास
Downgrade	महत्व_में_कमी_करना
Draft	पाण्डुलेखन__प्रारूप_बनाना__मसौदा
Draft_reply	उत्तर_का_मसौदा
Draft_report	प्रारूप_प्रतिवेदन
Drafting	प्रारूपण
Drafting_and_noting	प्रारूपण/आलेखन_और_टिप्पण
Dried_weight	शुस्क_भार
Drift_Indicator	विचलन_सूचक__अफवाह_सूचक
Dropping_of_the_Assurance	आश्वासन_छोड़ना
Dry_promotion	निर्लाभ_पदोन्नति
Ducted_fan	वाहिनी_पंखा
Due_course,_in	यथासमय
Duly	विधिवत्_रूप_से
Dummy	अक्रिय
Duration	अवधि
Duties_and_Functions	दायित्व_और_कार्यकलाप
Duty,_sense_of	कर्तव्य_बोध_होना/रखना
Dynamic_Analysis	गतिक_विश्लेषण
Dynamics_/	गतिविज्ञान_गतिकी
Earmark	उद्दिष्ट_करना__अलग_से_चिन्हित_करना__निर्दिष्ट_करना
Earth_Connection	भू-संयोजन
Ecological_System	परिस्थितिक_तंत्र
Eclectcism	सार-संग्रह
Eductor	अपसारक
Efficiency,_air_standard	वायु-मानक-दक्षता
Effectually	प्रभावकारी_रीति_से
Efficacious	प्रभावोत्पादक
Ejector,_Air	वाय_निष्कासक
Ejector_condenser	निष्कासक_द्रवणित
Elaborate	विस्तार_से_बताना
Elapsed	व्यपगत
Elastic_velocity	प्रत्यास्थ_वेग
Elected	निर्वाचित
Electric_Motor	विद्युत_मोटर
Electromagnatic_brake	विद्युत_चुम्बकीय_ब्रेक
Element	अल्पान्श__घटक
Emergency_Escape	संकट_निर्गम
Emergency_landing_ground	आपातकालीन_अवतरण_स्थल
Endorsement	पृष्ठांकन
Engine,_Aeronautic	विमान_इंजन
Engine,_bi-fuel	द्विव-ईंधन_इंजन
Engine_Overheating	इंजन_अधितापन
Engine_Pressure_Indicator	इंजन_दाब_सूचक
Engine_speed	इंजन_चाल
Enquiries_made_reveal_that	जांच_से_यह_मालूम_हुआ_है_कि
Enquiry	पूछताछ__जांच__जांच-पड़ताल
Ensuing_financial_year	आगामी_वित्तीय_वर्ष
Entitle	अधिकार_देना__हकदार_बनाना
Entitlement	हकदारी__अधिकारिता__पात्रता
Entrance_front	मुखद्वार
Entry_permit	प्रवेश_अनुज्ञा-पत्र
Envisage	का_सामना_करना__का_ध्यान_करना__संकल्पना_करना
Envisaged	परिकल्पित
Epitome	सार__निष्कर्ष
Equal_/_Equality	समान/समता__समानता
Equivalent_hight	तुल्य_ऊचाई
Errata	शुद्धि-पत्र
Error_and_omission	भूल-चूक
Error_detection	त्रुटि_संसूचक
Error_signal	त्रुटि_संकेत
Ethics_Committee	आचार_समिति
Etiquette	शिष्टाचार
Evasive_reply	टालमटोल_वाला_उत्तर__अस्पष्ट_उत्तर
Evidence	साक्ष्य
Evidence_tendered	प्रमाण_दिया_गया_साक्ष्य
Examination_of_question	प्रश्न_की_जांच
Ex-cadre_post	संवर्गबाह्य_पद
Exceptional_grants	अपवादानुदान
Excess_Air	अतिरिक्त_वायु
Excess_Grant	अतिरेक_अनुदान
Excess_profit_tax	अतिलाभ_कर
Exclude	अपवर्जित_करना__अलग_करना
Exclusion_clause	अपवर्जन_खंड
Exclusive_right	अनन्य_अधिकार__एकमात्र_अधिकार
Executive	कार्यपालक
Executive_Committee	कार्यकारिणी_समिति
Exemplary_action	अनुकरणीय_कार्य
Exempted	छूट_देना__अवमुक्त
Exemption	विमोचन__उन्मोचन__छूट__माफी__अवमुक्ति__विमुक्ति
Exercise_of_discretion	स्वाविवेक_का_प्रयोग
Exhaust_Fan	निष्कासन_पंखा
Exit	निर्गम
Existing	विद्यमान__वर्तमान__प्रस्तुत__मौजूदा__प्रचलित
Exonerate	आरोप-मुक्त_करना
Expand	विस्तार
Ex-parte	एक-पक्षीय
Expatriates	देशत्यागी
Expedient	समीचीन
Expenditure_charged	भारित_व्यय
Explaining_the_history_of_the_case	मामले_की_पूर्ण_जानकारी_देते_हुए
Explaining_the_reasons	कारण_स्पष्ट_करते_हुए
Explanation_may_be_called_for	स्पष्टीकरण_मांगा_जाए
Explanatory_memorandum	व्याख्यात्मक_ज्ञापन
Explanatory_Note	व्याख्यात्मक_टिप्पण
Explicit	स्पष्ट
Exploitation	दोहन__शोषण
Exponent	प्रतिपादक__प्रतिनिधि
Ex-post_facto	कार्योत्तर
Expulsion	निष्कासन__बहिष्करण__निकाल_देना
Fabricate	गढना
Facilitate	आगे_बढ़ाना__सरल_बनाना
Facility	सुविधा__सुगमता
Facilitation_of_International_Air_Transport	अंतर्राष्ट्रीय_विमान_परिवहन_का_सरलीकरण
Fad	झक__सनक
Failure	भंग
Fan_door	पंखा_दवार
Fault,_disconnection	वियोजन_दोष
Fault_detection	दोष_संसूचक
Faulty_communication	सदोष_संचार
Federal	केंद्रीय_शासन_से_संबंधित
Feed_back_signal	पुनः_निवेशन_संकेत
Feeding_station_/	प्रभरण_स्टेशन_प्रभरण_केन्द्र
Feeler_gauge	संवेदक_प्रमापी
Fictitious_support	कल्पित_आधार
Fighting_aircraft	लड़ाकू_विमान
Filling_system	भरण_प्रणाली
Fin_carrier	पंख_वाहक
Final_approach	अंतिम_पहुंच__उपगमन
Final_control_element	अंतिम_नियंत्रण_तत्व
Fin,_cooling	शीतलन_पंख
Find_for	के_पक्ष_में_निर्णय_देना
Finding	खोज__निर्णय__जॉच_परिणाम
Findings	विष्कर्ष_परिणाम
Finance_Bill	वित्त_विधेयक
Financial_Aspects_of_the_Bill	विधेयक_के_वित्तीय_पहलू
Financial_Functions	वित्तीय_कार्य
Financial_implications	वित्तीय_निहितार्थ
Financial_Memorandum	वित्तीय_ज्ञापन
Fire_alarm	अग्नि_भय_संकेतक/अग्नि_भय_संकेत
Fire_control_lever	अग्निशमन_लीवर
Fire_control_system	आग_नियंत्रण_तंत्र
Fire_fighting_equipment	आग_बुझाने_का_सामान/अग्निशमन_उपस्कर
Fire_resistant	अग्नि_प्रतिरोधी
Flash_light	क्षण_दीप/टार्च
Flat_seat	चिपटी_पीठिका
Fleet	बेड़ा
Flick	झटका
Flight_altitude_/	उड़ान_ऊँचाई_उड्डयन_उच्चता
Flight,_ferry	पहली_उड़ान
Flight,_free	मुक्त_उड़ान
Flight_information_system	उड़ान_सूचना_केन्द्र
Flight_Instructor's_Rating_(Aeroplanes)	उड़ान_अनुदेशक_रेटिंग_(विमान)
Flight_Manual	उड़ान_मेनुअल
Flight_Path	उडान_पथ
Flight_personnel	उड़ान_कार्मिक
Flight_Plan	उडान_योजना
Flight_Radio_Telephone_Operator's_Licence	उड़ान_रेडियो_प्रचालक_लाइसेंस
Flying_club	उड्डयन_क्लब
Foreign_Operators	विदेशी_प्रचालक
Free_parachute_/	मुक्त_पैराशूट_हवाई_छतरी
Free_zones	मुक्त_क्षेत्र
Freight	भाड़ा
Fuel_flow_indicator	ईंधन_प्रवाह_सूचक
Fuel_gauge	ईंधन_प्रमापी
Fuel_uplift	ईंधन_भरना
Gadget	यंत्रिका__मशीन
Gage	गेज/प्रमापी
Gang_tool	समूह_औजार
Gap_structure	अन्तराल_संरचना
Gate_signal	प्रवेश_संकेतक
Gate,_tumble	अवपाती_द्वार
Gear	गियर/गरारी__यंत्रावली__उपस्कर
Gear_control	नियंत्रक_यंत्रावली__गियर_उपस्कर
General_aviation	सामान्य_विमानन
Generator_/	जनित्र_जेनरेटर
Glance_through,_may	सरसरी_तौर_पर_देख_लें
Glaring_disparity	घोर_असमानता/स्पष्ट_विसंगति
Glider_Pilot's_Licence	ग्लाइडर_पायलट_लाइसेंस
Golden_Jubilee_Year	स्वर्ण_जयंती_वर्ष
Gong_alarm	चेतावनी_घंटा
Good_and_sufficient_reason	समुचित_और_प_पर्याप्त_कारण
Good_Offices	अपने_सप्रभाव_का_उपयोग
Goodwill_Delegation	सद्भावना__प्रतिनिधिमंडल
Governing_body	शासी_निकाय
Government_assurance	सरकारी_आश्वासन
Government_Bills	सरकारी_विधेयक
Government_Business	सरकारी_कार्य
Government_Legislative_and_other	सरकारी_विधान_कार्य_तथा_अन्य_कार्य
Government_Motion	सरकारी_प्रस्ताव
Government_Resolution	सरकारी_संकल्प
Government/Statutory_Resolution	सरकारी/परिनियत_संकल्प
Govt._of_India_Press	भारत_सरकार_मुद्रणालय
Gradient_wind	अनुप्रवण_वायु
Grant-in-aid	सहायतानुदान
Grants	अनुदान
Grass_root_level	सबसे_निचला_स्तर
Gratification	परितोषण
Gratuitous	आनुग्रहिक__मुफ्त__बिना_प्रतिफल
Gratuity	उपदान
Greenwich_Mean_Time	ग्रीनविच_माध्य_समय
Gross_level	सकल_तल
Gross_budgetary_support	सकल_बजटीय_सहायता
Ground_Control_Approach_System	भू-नियंत्रण_उपगमन_प्रणाली
Group_Chart	समूह_चार्ट
Growth_potential	वृद्धि_की_संभावना
Guarantee	प्रत्याभूति
Guardian	संरक्षक
Gust_of_wind	वायु_झोंका
Gyroplane_/	घूर्णाक्षतल_जायरोप्लेन
Hall	घर__महल__सभागृह__कक्ष
Hand_flag	हस्त_झंडी
Hand_operated_device	हस्त_प्रचालित_युक्ति
Hand_signal	हस्त_सिगनल/हस्त_संकेत
Hand_wheel	हस्त_पहिया
Handle	दस्ता/मूठ/हत्था
Hanger	महाच्छद__हैंगर__विमान_छद
Hardening,_air	वायु_कठोरीकरण
Hardness_test	कठोरता_परीक्षण
Hardware	यंत्रोपदान__लौह_आदि
Haze	धुन्ध
Head_lamp	अग्र_दीप
Head_light	अग्र_प्रकाश
Head_resistance	अग्र_प्रतिरोध
Headway	मध्यांतर
Heap_cloud	समूह_मेघ
Heat_checking	ऊष्मा_जाँच
Heating_muff	तापक_मफ__दस्ताना
High_clouds	ऊँचे_मेघ
High_explosoive	त्रीव_विस्फोटक
High_fog	ऊँचा_कोहरा
High_frequency	उच्च_आवृति
Holding_point	प्रतीक्षण_बिन्दु
Horizon,_camera	क्षितिज_कैमरा
Horizon_error	क्षितिज_त्रुटि
Hot_air_engine	तप्त-वायु_इंजन
Hull_risk	अवतरण_जोखिम
Human_error	मानवीय_त्रुटि
Humid_atmosphere	आर्द्र_वायुमंडल
Hydraulic_brake_system	द्रवीय_ब्रेक_तंत्र
Hygrometer	आर्द्रतामापी__हाइग्रोमीटर
Ibidem_(ibid)	वही__पूर्वोक्त__यथापूर्व
Ideal_air_cycle	आदर्श_वायु_चक्र
Identical_Bill	समान_विधेयक
Identical_speed	तत्सम_चाल
Ideology	विचारधारा
Idle_capacity	अप्रयुक्त_क्षमता
If_I_may_say_so	मेरी_राय_में
Immigration	आप्रवास
Impeachment	महाभियोग
Implementation	कार्यान्वयन
Import_cargo	आयात_माल
Imprest	अग्रदाय
Improbable	असंभावित__असंभव
Impromptu	तत्काल__बिना_तैयारी_के
Improper_system	अनुचित_तंत्र
Impropriety	अनौचित्य__अनुचित
Improvisation	कामचलाऊ_व्यवस्था__तात्कालिक_व्यवस्था
Inboard_(aeronautics)	केन्द्रोन्मुखी
Inbound_passenger	आगमन_यात्री
Inclusion	अंतर्वेशन__समावेशन
Incoming_signal_frequency	प्रवेशी_संकेत_आवृति
In_a_note_submitted_to_the_committee	समिति_को_भेजे_गये_एक_टिप्पण_में
In_compliance_with	का_अनुपालन_करते_हुए
In_contemplation_of	को_ध्यान_में_रखते_हुए
In_continuation_of	के_आगे__के_क्रम_में
In_contravention_of	के_विपरीत__का_उल्लंघन_करते_हुए
In_default_of	के_अभाव_में__न_करने_पर__न_होने_पर
In_extenso	विस्तार_में/सविस्तार
In_extensor	विस्तृत_रूप_में
In_letter_and_spirit	अक्षरशः__शब्दशः
In_order_of_preference	अधिमान्यता_के_क्रम_में__वरीयता-क्रम
In_order_to_ensure_that	यह_सुनिश्चित_करने_के_लिए_कि
In_order_to_safeguard_against	से_बचाव_के_लिए
In_perpetuity	शाश्वत__सदैव_के_लिए__निरन्तर
In_pursuance_of	के_अनुसरण_में
In_the_aggregate	कुल_मिलाकर
In_the_capacity_of	की_हैसियत_से__के_रूप_में
In_the_light_of_short-comings_and	कमियों_को_देखते_हुए
Incriminate	अपराध_में_फंसाना
Incriminating_document	अपराध_संकेती_दस्तावेज/आपत्तिजनक_दस्तावेज
Incumbent	पदधरी__पदस्थ__आश्रयी
Indemnify	क्षतिपूर्ति_करना
Indemnity_bond	क्षतिपूर्ति_बन्ध-पत्र
Indenture	विलेख__दस्तावेज
In-depth_vital_area	गहन_और_महत्वपूर्ण_क्षेत्र
Index	अनुक्रमणिका
Index_Cards	सूचक-पत्र
Indicated_air_speed	सूचित_विमान_गति
Indicator	सूचक
Indian_extradition_act	भारतीय_प्रत्यर्पण_अधिनियम
Indian_State	भारत_राज्य
Infiltration_bid	घुसपैठ_की_कोशिश__प्रयास
Informatics	सूचना_विज्ञान
Infrastructural_cost	आधरभूत_संरचना_लागत
Infrastructure	आधरभूत_ढांचा
Infringement_of_rights	अधिकारों_का_अतिलंघन
Infructuous	निष्फल__असफल
Injury	क्षति
Initials	आद्यक्षर
Inlet,_air	वायु_अन्तर्गम
Inner_Lobby	आंतरिक_लाबी__आंतरिक_कक्ष
Innocuous	हानिरहित__अनपकारी__निरापद
Innovative_project	अभिनव_परियोजना__नवीन_परियोजना
Inordinate_delay	अत्यधिक/असाधरण_विलंब
Inspection	निरीक्षण
Instument_Landing_System	उपकरण_अवतरण_प्रणाली
Instrumental_Flight_Rule_(IFR)	यंत्रीय_उड्डयन_नियम
Installation	प्रस्थापन__स्थापना__अधिष्ठापन__प्रतिष्ठापन
Instantaneous_action	तुरंत_कार्रवाई
Institutional_framework	संस्थागत_ढांचा
Instructions_and_Guidelines	अनुदेश_एवं_मार्गनिर्देश
Instructions_are_solicited	अनुदेश/हिदायतें_अपेक्षित_हैं/दी_जायें__अखण्डता
Integrity	सत्यनिष्ठा__ईमानदारी
Inter-alia	अन्य/दूसरी_बातों_के_साथ-साथ__साथ-साथ
Interactive_session	अंतः_संवाद_सत्र__विचार-विमर्श_सत्र
Inter_communication_system	अन्तः_संचार_प्रणाली
International_Civil_Aviation_Organization_(ICAO)	अंतर्राष्ट्रीय_नागर_विमानन_संगठन
Interchange_of_vacancies	रिक्तियों_का_परस्पर_अन्तरण
Interdependent	अन्योन्याश्रित
Interim_Bail	अंतरिम_जमानत
Interim_reply	अंतरिम_उत्तर
Intermediary	मध्यवर्ती
Intermediation	मध्यस्थता
International_monetary_fund	अंतर्राश्ट्रीय_मुद्रा_कोश
Inter-Parliamentary_Union	अंतर-संसदीय_संघ
Interpretation	निर्वचन__व्याख्या__अर्थनिर्णय__प्रतिपादन_
Interpreter	दुभाषिया__व्याख्याकार
Interruptions	व्यवधन__विघ्न__बाध
Inter-State_Council	अंतर-राज्यीय_परिशद
Interturn_fault	अन्तर्वर्तन_दोष__अंतः_फेरा_दोष
Intervene	हस्तक्षेप_करना__बीच_में_पड़ना__दखल_देना
Intervening	मध्यवर्ती__अन्तःस्थ
Intra_vires	अधिकाराधीन
Intricate	जटिल__पेचीदा
Introduced	पुरःस्थापित
Jack,_mechanical	यॉत्रिक_जैक
Jack,_screw	पेंच_जैक
Jack_stay	जैक_स्थायी
Janitor	दरवान__चौकीदार__द्वारपाल
Jerk	झटका
Jet_engine	प्रधार_इंजन
Jet_Pilot	प्रधार_विमान_चालक/जैट_विमान_चालक
Job_analysis	कृत्यक_विश्लेषण
Joining	जोड़ना
Joint,_expansion	प्रसार_जोडना
Joint,_straight	टक्कर_जोड़
Journalist	पत्रकार
Journey	यात्रा__सफर
Junior	कनिष्ठ
Junior_Executive	कनिष्ठ_कार्यपालक
Katabatic_wind	अवरोही_पवन
Keg	छोटा_पीपा
Kentledge_weight	निभार
Kerb	उपांत__कर्ब
Key_diagram	मुख्य_आरेख
Key_personnel	महत्वपूर्ण_कार्मिक
Key_point	मुख्य_बिन्दु
Keen	उत्सुक
Keep	धरना__रखना
Kingdom	राज्य
Kingfisher	रामचिरैया
Kink	विकुंच
Kite_ballon	पतंग_गुब्बारा
Knob	गाँठ
Knock	खट-खटाना
Knock_rating	अपस्फोटन_निर्धारण
Knowledge	जानकारी
Lab	प्रयोगशाला
Labelled_photograph	नामंकित_फोटोग्राफ
Labour	श्रमिक__मजदूर
Labour_Union	श्रमिक_संघ
Lack	कमी
Land_surveying	थल_सर्वेक्षण
Landing	अवतरण
Landing_gear	वायुयान_के_पहिये__अवतरण_गियर
Landing_ground	अवतरण_क्षेत्र__अवतरण_स्थल
Landing,_emergency	आपातकालीन_अवतरण
Landing_speed	अवतरण_चाल
Laning_strip	अवतरण_पट्टी
Latest_start_time	यथा_विलम्बित_प्रारम्भ_काल
Lavatory	प्रेक्षनालय
Layover_period	विराम_अवधि
Leading_wheel	अग्र_पहिया
Leave	छुट्टी__अनुमति__प्रस्थान
Leave_be_granted	अनुमति_प्रदान_की_जाए
Leave_of_absence	अनुपस्थिति_की_अनुमति
Leave_on_the_ground_of_sickness	बीमारी_के_आधार_पर_छुट्टी_दे_दी_जाए
Licence	लाइसैन्स__अनुज्ञप्ति
Lift_dynamic	गतिक_उत्थान
Lift_off_distance	उत्थापन_क्षमता
Light_Aircraft_Engine	हल्का_वायुयान_इंजन
Limit_control	सीमा_नियंत्रण
Limiting_velocity	सीमांत_वेग
Long_time	लम्बा_समय
Lounge	विश्राम_कक्ष
Low_frequency	निम्न_आवृति
Lubrication	स्नेहन__तेल_देना
Machine,_weighing	तौलने_का_यंत्र__तौलने_की_मशीन
Machine_instruction	यंत्र_अनुदेश
Main	मुख्य
Main_Tank	मुख्य_टैंक
Maintenance	अनुरक्षण
Major_defect	मुख्य_दोष
Manual_Signal	हस्तचालित_संकेत
Manufacturer	निर्माता
Margin_of_safety	सुरक्षा_छूट
May_be_concurred_in	सहमति_प्रदान_की_जाए/दे_दी_जाए
May_be_deferred	मुल्तवी/आस्थगित_रखा_जाए
May_be_perused	आगे_समुचित_कार्यवाही_की_जाए
May_the_proposal_be_accepted?	प्रस्ताव_स्वीकार/मान_लिया_जाए?
Meet_again,_to	पुनः_समवेत_होने_के_लिए
Meeting	बैठक__सभा__गोष्ठी__अधिवेशन
Member	सदस्य
Member-in-charge	प्रभारी_सदस्य
Members_Sworn	सदस्यों_द्वारा_शपथ_ग्रहण
Members_to_associate	सहबद्ध_होने_वाले_सदस्य
Membership	सदस्यता
Memoranda	ज्ञापन
Memoranda_containing_suggestions	सुझावों_संबंधी_ज्ञापन
Memorandum_of_Business	कार्य_विषयक_ज्ञापन
Mere_supposition	कल्पना_मात्र
Meriting_consideration	विचार_करने_योग्य__विचारणीय
Meritorious_service	सराहनीय_सेवा__प्रशंसनीय_कार्य
Merit_rating	गुणता_निर्धारण__गुणांकन
Merits_and_demerits	गुण-दोष__गुणावगुण__अच्छाई-बुराई
Message	सन्देश__सूचना
Meteorograph	मौसम_लेखी
Meteorological_watch_office	मौसम_निगरानी_कार्यालय
Micro_office	छोटा_कार्यालय
Mid_term	मध्यावधि
Military_aircraft	सैनिक_विमान
Minimal_distance	अल्पतम_दूरी
Ministerial	लिपिकवर्गीय
Ministry_of_Parliamentary_Affairs	संसदीय_कार्य_मंत्रालय
Minority	अवयस्कता__अल्पसंख्या__अल्पमत
Minute_of_Dissent	विसम्मति_टिप्पण
Minutes	कार्यवृत्त
Minutes_of_meeting	बैठक_का_कार्यवृत्त
Miscellaneous	प्रकीर्ण
Misconduct	कदाचार__अपचार__दुर्व्यवहार
Misrepresentation	अन्यथा-कथन__गलत_चित्रण
Mitigate	कम_करना__घटाना__शमन_करना
Mode_of_operation	प्रचालन_विधि
Modification	परिवर्तन__परिशोधन
Modus_operandi	कार्य-प्रणाली__कार्य-विधि
Monitoring	प्रबोधन
Momento	यादगार__निशानी__स्मृतिचिन्ह__स्मरण
Multiplance	बहुपंखी_विमान
Name_board	नाम-पट्ट
Navigation_flare	यान_संचालन_संस्फूर
Navigational_aid	नौसंचालन_सहायक_युक्ति
Net_loss	शुद्ध_हॉनि
Night_effect	रात्रि_प्रभाव
Night_signal	रात्रि_सिगनल
No_entry	प्रवेश_निषेध
Non_inflammable_oil	उज्जवलनशील_तेल
Non-availability_certificate	अनुपलब्धता_प्रमाणपत्र
Non-bailable	अजमानतीय__गैर-जमानती
Non-combatant	अयोधी__गैर-लड़ाकू
Non-compliance	अपालन__अननुपालन
Non-conventional_method	अपारम्परिक_पद्धति
Non-financial	गैर-वित्तीय
Non-interference	अहस्तक्षेप
Non-judicial	न्यायिकेतर
Non-liability	अदेयता
Non_perennial_area	मौसमी_क्षेत्र
Non-practising_allowance	प्रैक्टिसबंदी_भत्ता
Non-recurring_expenditure	अनावर्ती_व्यय
Non-recurring_grant	अनावर्ती_अनुदान
Non-refundable	अप्रतिदेय
Non-renewable_energy_source	गैर-नवीकरणीय_ऊर्जा_स्रोत
Non-revenue_receipts	राजस्वेत्तर_प्राप्तियां
Non-saleable	अविक्रेय
Non-statutory	असांविधिक__गैर-कानूनी
Non-voted	अदत्तमत
Normal	सामान्य__साधारण
Normal_speed	सामान्य_चाल
Normal_take_off	सामान्य_उत्पतन
Not_exceeding	अनधिक
Not_withstanding_anything_to_the_contrary	किसी_बात_के_अन्यथा_होते_हुए_भी
Note_of_dissent	असहमति_टिप्पण
Notice	सूचना__जानकारी
Notice_Board	सूचना_पट्ट
Notice_Office	सूचना_कार्यालय
Notices_of_Questions	प्रश्नों_की_सूचना
Notification	अधिसूचना
Notified	अधिसूचित
Notified_for_general_information	जनसाधारण_की_जानकारी_के_लिए_अधिसूचित
Notional_pay	कल्पित_वेतन
Notional_promotion	कल्पित_पदोन्नति
Not-traceable	पता_नहीं_लग_रहा_है__अप्राप्य
Notwithstanding	के_होते_हुए_भी__के_होने_पर_भी
Null_and_void	बातिल_और_शून्य__अकृत_और_शून्य__अमान्य
Numbered_consecutively	क्रमवर्ती_रूप_से_संख्यांकित
Numeric	अंकीय
Oath	शपथ
Oath_or_Affirmation	शपथ_अथवा_प्रतिज्ञान
Obedience	आज्ञापालन
Observance_of_silence	मौन_धारण
Observation	निरिक्षण
Occasion_arises,_when	अवसर/समय_आने_पर
Office_of_profit	लाभ_का_पद
Office_to_note_and_comply	कार्यालय_ध्यान_दे_और_पालन_करे
Open_Rating_License	मुक्त_निर्धारण_अनुज्ञप्ति
Operating_cost	प्रचालन_लागत
Operating_gear	प्रचालन_गियर
Operation_area	प्रचालन_क्षेत्र
Operator's_License	प्रचालक_लाइसेंस
Opportune_moment	उपयुक्त_समय
Opportunity_to_be_heard	सुनवाई_का_अवसर_प्रदान_करना
Opposition	विपक्ष__विरोध_करना__प्रतिवाद_करना
Oppressed	सताया_गया__प्रताड़ित
Option	विकल्प
Oral_Answers	मौखिक_उत्तर
Oral_answers_to_questions	प्रश्नों_के_मौखिक_उत्तर
Oral_evidence	मौखिक_साक्ष्य
Order_of_precedence	पूर्वता-क्रम__प्राथमिकता-क्रम
Order_Paper	कार्य-सूची
Orderly_proceedings	व्यवस्थित_कार्यवाही
Ordinance	अध्यादेश
Ordinary_Division	साधारण_विभाजन
Organic	जैव__जैविक
Organizational_set_up	संगठनात्मक_ढांचा/संगठन_का_स्वरूप
Orientation_Course	अभिविन्यास_पाठ्यक्रम
Orientation_Programme	विषयबोध_कार्यक्रम
Ornamental	सजावटी__शोभाकारी__अलंकारी
Out_of_track	विषमनता
Out_of_order	अव्यवस्थित__बन्द_पड़ा_होना__खराब_होना
Output_meter	निर्गममापी
Outcome_budget	परिणाम_बजट
Outer_Lobby	बाह्य_लाबी
Outlay_earmarked	निर्धारित_परिव्यय
Outlay,_capital	पूंजी_परिव्यय
Outlying_areas	दूरवर्ती/बाहरी_क्षेत्र__बहिर्वती_क्षेत्र
Outright_purchase	एकमुश्त_खरीद
Outside_the_normal_scope	सामान्य_परिधि_के_बाहर
Ovation	जय-जयकार__अभिनन्दन__स्वागत
Overall_analysis	समग्र_विश्लेषण
Overall_deficit	समग्र_घाटा
Overall_policy	समग्र_नीति
Overcharge	अधिप्रभार__प्रभाराधिक्य
Overflow	अधि_प्रवाह
Overriding_commission	अधिभावी_कमीशन
Overseas_Indian_Affairs	प्रवासी_भारतीय_कार्य
Oversee	निगरानी_रखना__देखभाल
Paid_up_capital	प्रदत्त_पूंजी
Painstaking	परिश्रमी__अध्यवसायी__कठिन
Parachute	पैराशूट__छाता
Parking	पार्कन__पार्क_करना
Pamphlets	पर्चे
Panel	तालिका
Panel_discussion	पैनल_चर्चाएं
Par_excellence	श्रेष्ठ__उत्कृष्ट
Par_value	सम_मूल्य
Paradox	विरोधाभास__विडम्बना
Parallel_session	समानांतर_सत्र
Paramedical_services	अर्द्ध-चिकित्सा_सेवाएं
Parameter	मानदंड__आधार__मानक
Paramount	परम__सर्वोच्च__सर्वोपरि
Pari_passu	के_साथ-साथ__समान_गति_से
Parliamentary_Business	संसदीय_कार्य
Parliamentary_Committees	संसदीय_समितियां
Parliamentary_delegation	संसदीय_शिष्टमंडल
Parliamentary_institution	संसदीय_संस्था
Parliamentary_papers	संसदीय_पत्र
Parliamentary_privileges	संसदीय_विशेषाधिकार
Passage_of_Bills	विधेयक_का_पारण
Passanger_traffic	यात्री_यातायात
Passport	पारपत्र/पासपोर्ट
Patent_errors	स्पष्ट_अशुद्धियां
Patronage	संरक्षण__सहारा__प्रश्रय__आश्रय
Paucity	अभाव__कमी__अल्पता
Pauper	अकिंचन__निर्धन
Pay,_substantive	मूल_पद_वेतन
Payoff	चुकता__भुगतान
Pecuniary	धन-संबंधी__वित्तीय
Post-facto_sanction	कार्योत्तर_मंजूरी
Postponement_of_Clause	खंड_का_स्थगन
Potential	संभाव्य__कार्यक्षम
Power_to_make_rules	नियम_बनाने_की_शक्ति
Power_to_try_summarily	संक्षिप्त_विचारण_की_शक्ति
Preamble	प्रस्तावना__उद्देशिका
Pre-audit	पूर्व-लेखा_परीक्षा
Precaution	पूर्वोपाय__सावधानी
Preclude	रोक_देना__प्रतिवारित_करना
Predetermined	पूर्वनिर्धारित
Predominant	प्रधान__प्रबल__प्रभावी__सर्वाधिक
Pre-eminent	सर्वश्रेष्ठ__सर्वोत्तम__उत्कृष्ट
Prefabricated	पूर्वरचित__पूर्वनिर्मित
Preface	आमुख
Preferential_right	अधिमानी_अधिकार
Preferred	अधिमानी
Prejudice	प्रतिकूल_प्रभाव__पूर्वाग्रह__पूर्वधारणा
Prejudicial	प्रतिकूल__हानिकर
Preliminary_inquiry	प्रारंभिक_जांच
Preliminary_material	प्रारम्भिक_सामग्री
Preparatory_work	आरंभिक_कार्य
Pre-recruitment_training	भर्ती_पूर्व_प्रशिक्षण
Prerequisite	पूर्वापेक्षा__पूर्वापेक्षित
Prerogative	परमाधिकार__विशेषाधिकार
Prescribed_Form	निर्धारित_प्रपत्र__विहित_स्वरूप
Prescribed_form,_in	निर्धारित_प्रपत्र_में
Prescribed_standards	निर्धारित_मानक
Presentation	उपस्थापन__प्रस्तुतीकरण__प्रस्तुति
Presentation_of_budget	बजट_का_प्रस्तुतीकरण
Presentation_of_report	प्रतिवेदन_प्रस्तुत_करना
Presently_payable	तत्क्षण/तत्समय/तत्काल_देय
Pre-shipment_loan	पोत_लदानपूर्व_उधार/ऋण
Preside	सभापतित्व__अध्यक्षता_करना
Presiding_Over	अध्यक्षता
Press_communique/note	प्रेस_विज्ञप्ति/नोट
Press_Gallery	प्रेस_दीर्घा
Pressed	आग्रह__अनुग्रह
Presumptive_pay	प्रकल्पित_वेतन
Presupposed	पूर्वकल्पित
Prevailing/Proclaimed_offender	उ‌द्घोषित_अपराधी
Prevention_of_disqualification	निरर्हता_निवारण
Preventive_Detention	निवारक_निरोध
Prima_facie	प्रथम_दृष्ट्या
Prime_time	मुख्य_समय
Principal_Act	मूल_अधिनियम
Principle	सिद्धांत__मूल
Principles_of_Bill	विधेयक_के_सिद्धांत
Printed_Debates	वाद-विवाद_की_मुद्रित_प्रतियां
Prior_Concurrence	पूर्व_सहमति
Prior_Notice	पूर्व_सूचना
Priority_List	प्राथमिकता_सूची
Private_Helicopter_Pilot's_License	निजी_हेलीकाप्टर_पायलट_लाइसेंस
Private_Pilot's_License_(Aeroplane)	निजी_पायलट_लाइसेंस_(विमान)
Privilege	विशेषाधिकार
Privileges_Committee	विशेषाधिकार_समिति
Procedural_Matters	प्रक्रियात्मक_मामले
Procedure_and_Practice	प्रक्रिया_और_पद्धति
Procedure_for_tabling_notices	सूचनाएं_देने_की_प्रक्रिया
Procedure_regarding_Questions	प्रश्नों_के_संबंध_में_प्रक्रिया
Proceedings	कार्यवाही__कार्रवाई__प्रगति__प्रगमन__कार्यविवरण
Proceedings_of_the_House	सभा_की_कार्यवाही
Proceeds	आगम__प्राप्ति__लाभ
Proclamation	घोषणा__उ‌द्घोषणा
Proclamation_of_Emergency	आपातकाल_की_घोषणा
Professional_organization	वृत्तिक_संगठन
Proficiency	प्रवीणता__निपुणता
Profiteering	मुनाफाखोरी__लाभ-अर्जन
Programme_implementation	कार्यक्रम_कार्यान्वयन
Progressive_dismantling	प्रगामी_रूप_से_समाप्त_करना
Projected_outlay	अनुमानित_परिव्यय
Promise_made	दिया_गया_वचन
Promulgate	प्रख्यापित_करना__घोषित_करना__जारी_करना
Promulgation	प्रख्यापन__प्रवर्तन
Propagate	प्रचार_करना
Proper_orientation	समुचित_प्रबोधन
Proportional_representation	आनुपातिक_प्रतिनिधित्व
Proposal	प्रस्ताव__प्रस्थापना__विषय
Proposal_has_been_considered	प्रस्ताव_पर_विचार_किया_गया
Proposal_to_be_moved	उपस्थित_करने_के_लिए_प्रस्ताव__रखने_के_लिए_प्रस्ताव
Proposed_Legislation	प्रस्तावित_विधान
Proposed_outlay	प्रस्तावित_परिव्यय
Proposed_procedure	प्रस्तावित_प्रक्रिया
Pro-rata	आनुपाततः__आनुपातिक__यथानुपात
Proscribe	अभिनिषिद्ध_करना__प्रतिबंधित_करना
Protagonist	समर्थक
Protection_clause	सुरक्षा_संबंधी_खंड
Protocol	नयाचार__प्रोटोकॉल
Prototype	आदिरूप
Provided	बशर्ते__यह_कि
Provision	प्रबंध__व्यवस्था__प्रावधान_
Provisional_dates	अनंतिम_तिथियां
Proviso	परंतुक__शर्त__उपबंध
Public_bodies	सरकारी_निकाय
Public_distribution	सार्वजनिक_वितरण
Public_grievances	लोक_शिकायत
Public_Interest	लोकहित
Public_purpose	लोक_प्रयोजन
Public_Revenue	लोक_राजस्व
Publication	प्रकाशन
Purview	क्षेत्र__सीमा
Quadarant_signal	चतुर्थांश_सिगनल
Quadruplicate	चौहरा__चार_प्रतियां
Qualified_privilege	सापेक्ष_विशेषाधिकार
Quality_inputs	उत्तम_आदान
Quand_meme	तथापि
Quandary	दुविधा__उलझन__असमंजस
Quantitative	परिमाणात्मक__मात्रात्मक
Quantum_sufficit	पर्याप्त_परिमाण
Quarantine_leave	संगरोध_छुट्टी
Quarterly_report	तिमाही_रिपोर्ट
Quash	अभिखंडित_करना
Quasi-judicial	अर्ध-शासकीय
Question_does_not_arise	प्रश्न_ही_नहीं_उठता
Questionnaire	प्रश्नावली
Quinquennial	पंचवार्षिक__पंचवार्षिकी
Quintuplicate,_in	पांच_प्रतियों_में
Quittance	उन्मोचन__छुटकारा__भरपाई__रसीद
Quo_Warranto	अधिकार_पृच्छा
Quod_vide	जो_देखिए
Quorum	कोरम__गणपूर्ति
Radar_beacon	रेडार_संकेत
Radial_line	त्रिज्य_रेखा
Radiation	विकिरण
Radiator	विकिरक
Rain_gauge	वर्षा_मापी
Raise_objection_/	आपत्ति_उठाना_करना
Raise_the_Discussion	चर्चा_प्रारम्भ_करना
Raising_a_discussion/matter_/	चर्चा_मामला_(विषय)_उठाना
Rampant_corruption	अत्यधिक_भ्रष्टाचार
Random	सांयोगिक__अनियमित
Ranking	क्रम_विन्यास
Rateable_property	करयोग्य_संपत्ति
Rating	निर्धार__निर्धारण
Ratio	अनुपात
Ratio,_air_fuel	वायु_ईंधन_अनुपात
Ratification	सत्यापन__अभिपुष्टि__अनुसमर्थन
Rationalization	युक्तिकरण__औचित्य_स्थापन__सुव्यवस्थीकरण
Recall	पुनराह्वान
Recognition	अनुज्ञान__मान्यता
Recommendation	सिफारिश__अनुशंसा__संस्तुति
Recommendations/observations_contained	अंतर्विष्ट_सिफारिशें/टिप्पणियां
Reconciliation_of_accounts	लेखा_समाधान
Reconsideration	पुनर्विचार
Re-constitute	पुनर्गठन_करना
Recurrence	पुनरावृत्ति__आवृत्ति
Recurring_expenditure	आवर्ती_व्यय
Redundant	अनावश्यक
Refer	विचारार्थ__भेजना__हवाला_देना__उल्लेख_करना_
Reference	संदर्भ
References	उल्लेख
Referendum	जनमत_संग्रह
Refinance	पुनर्वित्तपूर्ति
Refute	खंडन_करना__अस्वीकार_करना
Regional	क्षेत्रीय
Regret_to_note	यह_जानकर_दुख_हुआ_कि
Regulation	विनियमन__नियंत्रण__व्यवस्थापन__विनियम
Regualtion_of_Procedure	प्रक्रिया_का_विनियमन
Regulator_system	नियामक_तंत्र
Reimburse	प्रतिपूर्ति_करना
Re-install	पुनः_स्थापित_करना__पुनः_नियुक्त_करना
Reiterate	दोहराना__पुनरावृत्ति_करना
Remote_reading_compass	दूर_पठन_कम्पास
Renewal_fee	नवीकरण_शुल्क
Renewal_of_licence	लाइसेंस_का_नवीकरण
Repair	मरम्मत
Repair_crew	मरम्मत_दल
Repudiation	निराकरण
Repugnant	प्रतिकूल__विरुद्ध
Repugnant_to_the_context	प्रसंग_के_विरुद्ध__प्रतिकूल
Request_for_extension	समय_बढ़ाए_जाने_का_अनुरोध
Requisition	मांग
Rescind	विखंडन_करना
Reserves	भंडार
Residuary	अवशिष्ट
Response	अनुक्रिया
Responding_a_query	प्रश्न_का_उत्तर_देना
Restriction	प्रतिबंध/पाबंदी/रोक
Result	परिणाम
Resume	सारकृत__पुनः_कार्य_आरंभ_करना
Retention_money	प्रतिधारण_राशि
Revaluation	पुनर्मूल्यन
Revamped	सुधारना
Revenue_account	राजस्व_लेखा
Revert	प्रतिवर्तित_होना
Review_board	पुनर्विलोकन_बोर्ड
Revised	संशोधित
Revised_estimates	संशोधित_अनुमान
Revised_list_of_business	संशोधित_कार्यावलि
Revised_proposal	संशोधित_प्रस्ताव
Revoke	प्रति-संहरण_करना__वापस_लेना
Rider	शर्त__निबंधन
Roll_of_members	सदस्यों_की_नामावली
Round_off	पूर्णांकित_करना
Rules_Committee	नियम_समिति
Rules_of_procedure	प्रक्रिया_संबंधी_नियम
Ruling	विनिर्णय
Runway	धावनपथ
Runway_speed	अतिधावन_चाल
Runway_visual_range	धावनपथ_दृष्टि_परास
Safe_landing	निरापद_अवतरण
Safe_take-off	उत्तपत्तन
Safety_zone	निरादर
Sanction	मंजूरी__स्वीकृति
Sanctioned_work	मंजूर_कार्य__अनुमत_कार्य
Sanctioning_authority	मंजूरीदाता_प्राधिकारी
Sanctity	पवित्रता__शुद्धता
Sandwich_course	मध्यवर्ती_पाठ्यक्रम
Security	सुरक्षा
Seminars	संगोष्ठी
Sewerage	मलक_जल_व्यवस्था
Show-cause_notice	कारण_बताओ_नोटिस
Solemn_duty	पावन_कर्तव्य
Sovereign_right	सम्प्रभु_अधिकार
Spade_work	प्रारंभिक_कार्य
Speaker	अध्यक्ष__वक्ता
Special_Leave_to_Appeal	अपील_के_लिए_विशेष_अनुमति
Special_package	विशेष_पैकेज
Specified_qualification_criteria	विनिर्दिष्ट_अर्हता_मानदंड
Specimen	नमूना__प्रतिदर्ष
Speech_unfinished	अपूर्ण_भाषण__असमाप्त_भाषण
Splitting_of_resolution	संकल्प_का_विभाजन
Speed,_landing	अवतरण_चाल
Stability	स्थायित्व
Simulator	सिमुलेटर__अनुकरण
Stage_of_introduction	पुनःस्थापन_की_अवस्था
Stagnation	गतिरोध
Standing_charge	स्थायी_प्रभार
Starred_Question	तारांकित_प्रश्न
Statement	वक्तव्य__विवरण
Student_Pilot's_Licence	शिक्षार्थी_पायलट_लाइसेंस
Study_tour/visit_/	अध्ययन_दौरा_यात्रा
Sub_judice	विचाराधीन__न्यायाधीन
Sub-clause	उप-खंड
Sub-committee	उप-समिति
Sub-heading	उपशीर्ष
Subject_to	अधीन_रहते_हुए__अध्यधीन
Subject_to_confirmation	पुष्टि_होने_पर
Subject_to_verification	सत्यापित_हो_जाने_की_शर्त_पर
Subjects_for_Discussion	चर्चा_के_लिए_विषय
Submission	प्रस्तुत_करना__निवेदन
Supplementary_List	अनुपूरक_सूची
Supplementary_Questions	अनुपूरक_प्रश्न
Suppress	दमन_करना__दबाना__छिपाना
Suppression	अधिक्रमण
System_analysis	तंत्र_विश्लेषण
Table	सारणी
Tachometer	घूर्णन_चालमापी
Tail_end	पिछला_सिरा
Take_off_length	उत्पत्तन_दूरी
Taxiway	टैक्सीपथ
Team_spirit	दल_निष्ठा
Temperature	तापमान
Temperature_indicator	तापमान_सूचक
Tendency	प्रवृति
Terminal_control_area	टर्मिनल_नियंत्रित_क्षेत्र
The_following_be_added	निम्नलिखित_जोड़ा_जाए
The_motion_for_consideration	विचारार्थ_प्रस्ताव
The_motion_was_adopted	प्रस्ताव_स्वीकृत_हुआ
The_motion_was_negatived	प्रस्ताव_अस्वीकृत_हुआ
The_notice_is_admitted_for_introduction	पुरःस्थापन_के_लिए_सूचना_को_गृहीत_किया_गया
The_period_of_notice_of_a_motion	प्रस्ताव_की_सूचना_की_अवधि
The_proposal_is_quite_in_order	यह_प्रस्ताव_बिल्कुल_ठीक_है
Time_limit_of_reply	उत्तर_की_समय_सीमा
Time_overrun	अधिक_समय_लगना
Time_permissible	अनुज्ञेय_समय
Time_permits,_if	यदि_समय_मिला__तो
Time_Schedule	समय_सूची__समय_सारणी
Times_without_number	अनेक_बार__अनगिनत_अवसरों_पर
Title_of_the_Bill	विधेयक_का_नाम
To_amend	के_संशोध्नार्थ
To_draw_inferences	अनुमान_लगाना
To_give_effect_to_the_financial	वित्तीय_प्रस्तावों_को_प्रभावी_बनाना
To_insert	के_अंतःस्थापनार्थ
To_legislate_or_make_laws	विधन_अथवा_कानून_बनाना
To_substitute	के_प्रतिस्थापनार्थ
To_the_following_effect	निम्नलिखित_अभिप्राय_का
Token	सांकेतिक
Token_grant	सांकेतिक_अनुदान
Top_priority	सर्वोच्च_प्राथमिकता/सर्वाधिमानता
Topography	स्थलाकृति
Total_disablement	पूर्ण_निःशक्तता
Touching_that_subject	उस_विषय_के_बारे_में
Traction	कर्षण__खचाव
Traditional_practice	पारम्परिक/परम्परागत/व्यवहार/रिवाज
Transaction	सौदा__लेन-देन__कारोबार_का_संचालन
Transaction_of_business	कार्य_संचालन__कारोबार_का_संचालन
Transcribe	नकल_तैयार_करना__अनुलिपि_कराना__प्रतिलेखन_करना
Transcription	प्रतिलेखन__अनुलेखन__लिप्यंतरण
Transfer_of_matter	मामले_का_हस्तांतरण
Transferable_vote	संक्रमणीय_मत
Transferee_Ministry	अन्तरिती_मंत्रालय
Transit	अभिवहन
Translation	अनुवाद
Translator	अनुवादक
Transliteration	लिप्यंतरण
Transmission	संचार
Transmission_and_distribution	संचार_और_वितरण
Trans-national_capability	पारदेशीय_क्षमता_(बहुराष्ट्रीय_क्षमता)
Transparency	पारदखशता
Transparent_manner	पारदर्शी_तरीका
Transposition	उलटना
Treachery	विश्वासघात__द्रोह
Treason	राजद्रोह
Treat_the_matter_as_closed	मामले_को_समाप्त_मान_लेना
Treated_as_cancelled,_may_be	रद्द_हुआ_माना_जाए
Trifling_matter	तुच्छ_मामला__महत्वहीन_विषय
Triplane	त्रिपंखी
Trunk_airport	महा_विमानपत्तन
Tripartite	त्रिपक्षीय
Trust,_breach_of	न्यास_भंग__विश्वासघात
Trustworthy	विश्वसनीय
Turbine_engine	टरबाइन_इंजन
Turn_over	कुल_कारोबार
Two-fold_action	दोतरफा_कार्रवाई
Type_certification	टाइप_प्रमाणन
Ubiquitous	सर्वव्यापी__सर्वव्यापक
Ultimatum	अन्तिम_चेतावनी
Ultramodern	अत्याधुनिक
Ultrasonic	पराश्रव्य
Unacceptable	अस्वीकार्य
Unaccounted	बेहिसाब__बिना_हिसाब_के
Unacquainted	अपरिचित
Unanimity	एकमत__सर्वसम्मति
Unanimously	एकमत_होकर__सर्वसम्मति_से
Unavoidable	अपरिहार्य
Uncorroborated	असंपुष्ट
Uncovered_demand	अपूरित_मांग
Under_consideration	विचाराधीन
Under_intimation	सूचना_देते_हुए
Under_spending	निर्धारित_से_कम_व्यय
Underspeeding	अवचालन
Under_valuation	न्यून_मूल्यांकन/कम_आंकना
Underestimate	अव-आकलन__कम_अनुमान
Underrate	कम_समझना__कम_महत्व_देना
Undignified	गरिमारहित
Undignified_behaviour	अशोभनीय/अभद्र_व्यवहार
Uneven	असम__विषम
Uneven_utilization_of_funds	निधियों_का_विषम/असमान_उपयोग
Unforeseen_charges	अदृष्ट/अनपेक्षित_प्रभार
Unhampered_action	अ-बाधित_कार्रवाई
Unnecessary	अनावश्यक
Unobservable	अप्रेक्षणीय
Unserviceable	सेवा_अयोग्य
Unskilled	अकुशल
Unpaid_capital	अदत्त_पूंजी
Unpaid_duty_drawback	शुल्क_वापसी_का_भुगतान_न_किया_जाना
Unparliamentary	असंसदीय__अशिष्ट
Unparliamentary_Expressions_/	असंसदीय_अशिष्ट_अभिव्यक्तियां
Unrealizable_sum	अप्राप्य_राशि
Unreasonable_term	गैर-वाजिब_अवधि
Unrestricted_interpretation	अनियंत्रित/निर्बाध_निर्वचन
Unsecured_loan	अप्रतिभूत_कर्ज
Unskilled	अकुशल__कौशल_रहित
Unsound_mind	विकृत_चित्त
Unstinted_support	पूर्ण_समर्थन
Untenable	अमान्य__असमर्थनीय
Until_further_notice	अगली_सूचना_तक
Until_otherwise_provided_for	जब_तक_अन्य_उपबंध/व्यवस्था_न_हो
Until_the_contrary_is_shown	जब_तक_इसके_विपरीत_सिद्ध_न_किया_जाए
Upgradation	उन्नयन
Upward_trend	ऊर्ध्वमुखी_प्रवृत्ति
Urban_amenities	शहरी_सुविधाएं
Urgent_attention_may_please_be	इस_पर_कृपया_शीघ्र/अविलंब_ध्यान_दें
Useful	उपयोगी
Utilization	उपयोग
Utter_ignorance	निपट/घोर_अज्ञान
Vacate	खाली_करना
Vacancy	खाली_पद__खाली_स्थान__रिक्त_स्थान
Vacation	अवकाश__छुट्टी
Vacuum_brake	निर्यात_ब्रेक
Vacuum_flight_path	निर्यात_उड्डयन_पथ
Vague	अस्पष्ट__अनिश्चित
Vague_reply	अस्पष्ट_उत्तर
Vain,_it	व्यर्थ__बेकार__वृथा
Valedictory_address	विदाई_भाषण
Valedictory_reference	विदाई_उल्लेख
Velocity	वेग
Validity	वैधता__मान्यता
Vapour_movement	वाश्प_संचलन
Variable_capital	परिवर्ती_पूंजी
Variety	किस्म
Verbatim	शब्दषः
Verbatim_proceeding	शब्दषः_कार्यवाही
Verified_and_found_correct	सत्यापित_कर_लिया_और_ठीक_पाया
Vexatious	तंग_करने_वाला__जटिल__मुश्किल
Vibration	कंपन
Viability_distance	दृश्यता_दूरी
Vice_Chairman	उपसभाध्यक्ष
Vide	के_अनुसार
Vigilant,_remain	सतर्क_रहना__सचेष्ट_रहना
Vigorous	जोरदार__प्रबल__ओजस्वी
Vindictive	प्रतिशोधी
Vintage_mine	पुरानी_खान
Virtue	सद्गुण
Virtue_of,_by	के_आधार_पर__के_कारण
Virulent_form	उग्र_रूप
Visible_representation	दृश्यमान_प्रतिनिधित्व
Visitors'_card	दर्शक_प्रवेश-पत्र
Visitor's_gallery	दर्शक-दीर्घा
Visual_display	दृश्य-प्रदर्श
Visual_information	दृश्य_सूचना
Visual_inspection	दृष्टिक_निरीक्षण
Visual_publicity	दृश्य_प्रचार
Vitiate_the_proceedings_/	कार्रवाई_प्रदूषित_निष्फल_करना
Vote_of_Censure	निंदा_प्रस्ताव__परिनिन्दा_प्रस्ताव
Vote_of_Credit	साख-मत
Vote_of_no_confidence	अविश्वास_प्रस्ताव
Vote_of_Thanks	धन्यवाद_प्रस्ताव
Vote_on_Account	लेखानुदान
Voted_in_full	पूर्णतः_स्वीकृत
Voting_of_Demands_for_Grants	अनुदान_मांगों_पर_मत_लेना
Vulnerability	सुभेद्यता
Wage	मजदूरी
Wage_regulation	मजदूरी_नियमन
Wait	प्रतिक्षा
Waived_his_right	अपने_अधिकार_छोड़_दिए
Waiver	अधित्याग
Walk_Out	बहिष्कार_करना__बहिर्गमन
Warm_cloud	कोष्ण_मेघ
Watch_and_Ward	रक्षा-प्रेक्षा
Watching_of_progress	प्रगति_पर_निगरानी_रखना
Wavelength	तरंगदैर्ध्य
Weather	मौसम
Weight,_flying	उड़नभार
Whirl_wind	चक्रवात
Width	चौड़ाई
Wind_direction_indicator	पवनदिशा_सूचक
Wings	विमान_पंखा
Wireless	बेतार
Work_site	कार्य_स्थल
X-ray	एक्स-किरण
X-ray_appliance	एक्स-किरण_उपकरण
Yardstick	मानदंड
Yaw_meter	लोटनमापी
Year-to-year	वर्षशः
Yearly	वार्षिक__सालाना
Yet_agin	एक_बार_फिर
Yield	पैदावार__उपज
Zero_hour	शून्य-काल
Zeroing_instrument	शून्यन_उपकरण__शून्यन_उपयंत्र
Zigzag_route	सर्पिल-मार्ग
Zone	क्षेत्र__मंडल
Zone_control	क्षेत्र_नियंत्रण
Zone_of_transition	संक्रमण_क्षेत्र
15_minutes	पंद्रह_मिनट
15th	पंद्रहवाँ
17th	सत्रहवाँ
18th	अठारहवाँ
19th	उन्नीसवाँ
30_minutes	तीस_मिनट
4th	चौथा
6th	छठा
AID	सहायता मदद
Abbey	मठ
Achievement	उपलब्धि
Act	कार्य कृत्य कानून
Administration	प्रशासन
Agriculture	कृषि खेती
Area	क्षेत्र इलाका
Art	कला
Article	लेख वस्तु
Artist	कलाकार
Assembly	सभा विधानसभा
Association	संघ संस्था संगठन
Attorney	वकील अधिवक्ता
Baby	शिशु बच्चा
Base	आधार नींव
Beautiful	सुंदर
Big	बड़ा
Bill	बिल विधेयक
Black	काला
Blue	नीला
Board	बोर्ड तख्ता
Bright	उज्ज्वल चमकीला
Brother	भाई
Business	व्यापार कारोबार व्यवसाय
Captain	कप्तान
Center	केंद्र
Chairman	अध्यक्ष
Church	चर्च गिरजाघर
City	शहर नगर
Civil	नागरिक सभ्य
Class	वर्ग कक्षा
Cold	ठंडा
College	महाविद्यालय
Color	रंग
Commission	आयोग कमीशन
Committee	समिति
Company	कंपनी साथ
Conference	सम्मेलन
Congress	कांग्रेस संसद
Control	नियंत्रण नियंत्रित_करना
Corporation	निगम
Corps	दस्ता टुकड़ी
Council	परिषद
Country	देश राष्ट्र
Court	न्यायालय दरबार
Current	वर्तमान धारा
Custom	रीति परंपरा
Death	मृत्यु मौत
Defeat	हार पराजय
Defense	बचाव रक्षा
Department	विभाग
Deputy	उप प्रतिनिधि
Development	विकास प्रगति
Donnybrook	दंगा हंगामा
Economic	आर्थिक
Education	शिक्षा
End	अंत समाप्त_करना
Energy	ऊर्जा
Exchange	विनिमय आदान-प्रदान
Family	परिवार
Finance	वित्त
Fire	आग निकालना
Force	बल शक्ति मजबूर_करना
Foreign	विदेशी
Free	मुक्त स्वतंत्र
Freedom	स्वतंत्रता
Fund	धन निधि
General	सामान्य जनरल
Government	सरकार
Grand	भव्य
Great	महान बड़ा
Group	समूह
Health	स्वास्थ्य
Heritage	विरासत
Hero	नायक हीरो
High	ऊँचा उच्च
Hope	उम्मीद आशा
House	घर मकान
Ideal	आदर्श
Income	आय
Institute	संस्था
Judge	न्यायाधीश
Justice	न्याय
Labor	श्रम मजदूरी
Land	जमीन भूमि
Language	भाषा
Law	कानून
Leader	नेता
Life	जीवन
Local	स्थानीय
Long	लंबा दीर्घ
Low	नीचा कम
Major	प्रमुख मुख्य
Man	पुरुष आदमी
Medical	चिकित्सा_संबंधी
Military	सैन्य
Minister	मंत्री
Mutual	आपसी
National	राष्ट्रीय
New	नया
Night	रात
Open	खोलना खुला
Order	आदेश क्रम
Organization	संगठन संस्था
Party	पार्टी दल
Peace	शांति
People	लोग जनता
Pioneer	अग्रदूत
Plan	योजना योजना_बनाना
Power	शक्ति सत्ता
Program	कार्यक्रम योजना
Public	सार्वजनिक
Real	वास्तविक
Review	समीक्षा जाँच
Revolution	क्रांति
Run	चलाना दौड़ना
School	विद्यालय स्कूल
Security	सुरक्षा
Service	सेवा
Show	दिखाना प्रदर्शन
Small	छोटा
Social	सामाजिक
Society	समाज
Standard	मानक
State	राज्य कहना
Student	छात्र विद्यार्थी
Time	समय वक्त
Town	कस्बा शहर
Train	प्रशिक्षण_देना ट्रेन
Truth	सच सत्य
Union	संघ एकता
University	विश्वविद्यालय
Urban	शहरी
Victory	विजय
View	दृष्टिकोण देखना
Village	गाँव
War	युद्ध
Water	पानी जल
Welfare	कल्याण
White	सफेद
Woman	महिला स्त्री
World	दुनिया विश्व
a_bit	थोड़ा
a_couple_of	कुछ दो-चार
a_few	कुछ थोड़े
a_great_deal	बहुत_अधिक
a_little	थोड़ा
a_lot	बहुत
abandon	त्यागना छोड़ना
abbey	मठ
abbot	महंत मठाधीश
abbreviated	संक्षिप्त
abdomen	पेट उदर
abduction	अपहरण
aberration	भटकाव विचलन
abet	उकसाना सहायता_करना
abhor	घृणा_करना नफरत_करना
ability	क्षमता योग्यता कौशल
abnormal	असामान्य
abolish	समाप्त_करना उन्मूलन_करना
abolition	उन्मूलन
abrupt	अचानक असभ्य
absence	अनुपस्थिति
absent	अनुपस्थित
absolute	पूर्ण निरपेक्ष
absorb	अवशोषित_करना सोखना
abstract	सार अमूर्त
abundant	प्रचुर प्रचुर_मात्रा_में
abuse	दुरुपयोग दुर्व्यवहार गाली
academic	शैक्षणिक अकादमिक
accept	स्वीकार_करना मानना
access	पहुँच प्रवेश
accident	दुर्घटना हादसा अपघात
accomplish	पूरा_करना सिद्ध_करना
account	खाता विवरण लेखा
accumulate	जमा_करना इकट्ठा_करना
accumulation	संचय ढेर
accurate	सटीक यथार्थ सही
accuse	आरोप_लगाना
achieve	प्राप्त_करना हासिल_करना
achievement	उपलब्धि
acknowledge	स्वीकार_करना मान्यता_देना
acquaint	परिचित_कराना
acquiescence	स्वीकृति अनुमोदन
acquire	प्राप्त_करना हासिल_करना
act	कार्य कृत्य कानून
action	क्रिया कार्रवाई कदम
active	सक्रिय चुस्त
activity	गतिविधि क्रियाकलाप
actual	वास्तविक असली
add	जोड़ना मिलाना
address	पता संबोधन
adequate	पर्याप्त उचित
adjust	समायोजित_करना ठीक_करना
administration	प्रशासन
admit	स्वीकार_करना मानना प्रवेश_देना
adopt	अपनाना गोद_लेना
advance	आगे_बढ़ना प्रगति
advantage	लाभ फायदा
advertise	विज्ञापन_देना
advertising	विज्ञापन
affair	मामला प्रसंग
affect	प्रभावित_करना असर_डालना
affection	प्यार स्नेह
afford	वहन_करना खर्च_कर_सकना
age	उम्र आयु युग
agency	एजेंसी अभिकरण
agent	एजेंट प्रतिनिधि
aggregate	कुल समग्र
agricultural	कृषि_संबंधी
agriculture	कृषि खेती
aid	सहायता मदद
aim	लक्ष्य उद्देश्य
alarm	चेतावनी अलार्म
alive	जीवित जिंदा
allow	अनुमति_देना मानना
allowance	भत्ता छूट
alone	अकेला
altar	वेदी
alter	बदलना परिवर्तित_करना
ambition	महत्वाकांक्षा
amount	राशि मात्रा
analyze	विश्लेषण_करना
ancestry	वंश पूर्वज
anger	क्रोध गुस्सा
angry	क्रोधित गुस्से_में
animal	जानवर पशु
announce	घोषणा_करना सूचित_करना
annual	वार्षिक
answer	उत्तर जवाब
anterior	पूर्ववर्ती अगला
anxiety	चिंता बेचैनी
anxious	चिंतित व्याकुल
any	कोई कुछ
apart	अलग दूर
appear	प्रकट_होना दिखना
apply	लागू_करना आवेदन_करना
appoint	नियुक्त_करना
apprehend	गिरफ्तार_करना समझना
approach	दृष्टिकोण पहुँचना
approve	स्वीकृत_करना
area	क्षेत्र इलाका
argue	बहस_करना तर्क_देना
arise	उठना पैदा_होना
arouse	जगाना उत्तेजित_करना
arrange	व्यवस्था_करना प्रबंध_करना
arrest	गिरफ्तार_करना गिरफ्तारी
arrive	पहुँचना आना
art	कला
article	लेख वस्तु
artist	कलाकार
ask	पूछना माँगना
aspect	पहलू
assembly	सभा विधानसभा
assert	दावा_करना
assess	मूल्यांकन_करना
assessor	मूल्यांकनकर्ता
assign	सौंपना नियुक्त_करना
assist	सहायता_करना मदद_करना
association	संघ संस्था संगठन
assume	मान_लेना धारण_करना
at_first_glance	पहली_नज़र_में
at_last	आखिरकार अंत_में
at_once	तुरंत एक_साथ
at_one_time	एक_साथ एक_बार_में
at_the_same_time	एक_साथ उसी_समय
attempt	प्रयास कोशिश
attend	उपस्थित_होना भाग_लेना
attendance	उपस्थिति हाजिरी
attention	ध्यान तवज्जो
attitude	रवैया मनोभाव
attorney	वकील अधिवक्ता
attribute	गुण विशेषता
authority	अधिकार प्राधिकरण
available	उपलब्ध
award	पुरस्कार
aware	जागरूक सचेत
awful	भयानक बुरा
baby	शिशु बच्चा
back	पीठ पीछे वापस
background	पृष्ठभूमि
bad	बुरा खराब
balance	संतुलन बाकी
bargain	सौदेबाजी सस्ता
base	आधार नींव
battle	युद्ध लड़ाई
bear	सहना भालू
beat	हराना थपथपाना
beautiful	सुंदर
become	बनना हो_जाना
bed	बिस्तर
begin	शुरू_करना आरंभ_करना
behavior	व्यवहार आचरण
believe	विश्वास_करना
belong	संबंधित_होना
benefit	लाभ फायदा हित
betrothal	सगाई वाग्दान
beyond	परे आगे
big	बड़ा
bill	बिल विधेयक
birth	जन्म
black	काला
blood	खून रक्त
blue	नीला
board	बोर्ड तख्ता
bodily_function	शारीरिक_कार्य
body	शरीर देह निकाय
bolt	बोल्ट दौड़_लगाना कुंडी
book	पुस्तक किताब
border	सीमा
borrow	उधार_लेना
bottom	नीचे तल
bound	बंधा सीमा
break	तोड़ना विराम
breakwater	तरंगरोधक
bright	उज्ज्वल चमकीला
bring	लाना
brother	भाई
budget	बजट
build	निर्माण_करना बनाना
builder	निर्माणकर्ता मकान_बनाने_वाला
burden	बोझ
burn	जलना जलाना
business	व्यापार कारोबार व्यवसाय
business_concern	व्यापारिक_प्रतिष्ठान
busy	व्यस्त
buy	खरीदना
buying	खरीदारी
call	बुलाना फोन_करना पुकारना
call_out	बाहर_बुलाना सामने_लाना
campaign	अभियान
capable	सक्षम योग्य
capacity	क्षमता
capital	राजधानी पूँजी
captain	कप्तान
capture	पकड़ना
care	देखभाल परवाह
career	करियर पेशा
careful	सावधान सतर्क
carry	ले_जाना उठाना
cash	नकद
category	श्रेणी
cause	कारण वजह
ceiling	छत
celebrate	जश्न_मनाना
center	केंद्र
ceremony	समारोह
certain	निश्चित कुछ
chair	कुर्सी
chairman	अध्यक्ष
challenge	चुनौती
champion	चैम्पियन समर्थक
chance	मौका अवसर
change	बदलाव परिवर्तन
character	चरित्र
charge	शुल्क आरोप
charity	दान धर्मार्थ
check	जाँचना निरीक्षण
child	बच्चा
choose	चुनना
church	चर्च गिरजाघर
chutney	चटनी
circumstance	परिस्थिति
citizen	नागरिक
city	शहर नगर
civil	नागरिक सभ्य
claim	दावा
class	वर्ग कक्षा
classify	वर्गीकृत_करना
clean	साफ स्वच्छ
clear	स्पष्ट साफ
client	ग्राहक
close	बंद_करना करीब
cold	ठंडा
colleague	सहकर्मी
collect	एकत्र_करना जमा_करना
college	महाविद्यालय
color	रंग
combination	संयोजन मिश्रण
come	आना
come_by	पाना प्राप्त_करना
come_with	साथ_आना
commander	कमांडर
commercial	व्यावसायिक
commission	आयोग कमीशन
commit	प्रतिबद्ध_होना करना
committee	समिति
common	सामान्य साझा
communicate	संचार_करना
community	समुदाय
company	कंपनी साथ
compensation	मुआवजा
compete	प्रतिस्पर्धा_करना
competition	प्रतिस्पर्धा
complaint	शिकायत
complete	पूरा_करना संपूर्ण
comprehensive	व्यापक
concentrate	ध्यान_केंद्रित_करना
concern	चिंता संबंध
condemn	निंदा_करना
condition	स्थिति हालत शर्त
conference	सम्मेलन
confidence	विश्वास आत्मविश्वास
conflict	संघर्ष विवाद
congress	कांग्रेस संसद
connect	जोड़ना
conscience	विवेक अंतरात्मा
consider	विचार_करना सोचना
construct	निर्माण_करना
consult	परामर्श_करना
continue	जारी_रखना
contract	अनुबंध ठेका
contribution	योगदान
control	नियंत्रण नियंत्रित_करना
controversy	विवाद
conversation	बातचीत
convince	समझाना मनाना
cooperate	सहयोग_करना
copy	नकल प्रतिलिपि
corporation	निगम
corps	दस्ता टुकड़ी
correct	सही ठीक_करना
corruption	भ्रष्टाचार
cost	लागत कीमत
council	परिषद
country	देश राष्ट्र
courage	साहस हिम्मत
court	न्यायालय दरबार
cover	ढकना कवर
create	बनाना निर्माण_करना
credit	श्रेय उधार
crime	अपराध
crisis	संकट
critical	महत्वपूर्ण आलोचनात्मक
crowd	भीड़
cultural	सांस्कृतिक
culture	संस्कृति
curiosity	जिज्ञासा
current	वर्तमान धारा
custom	रीति परंपरा
customer	ग्राहक
damage	नुकसान क्षति
danger	खतरा
dark	अंधेरा
data	आँकड़े डेटा
dead	मृत
deal	सौदा निपटना
death	मृत्यु मौत
debt	ऋण कर्ज
decide	निर्णय_करना तय_करना
decision	निर्णय फैसला
defeat	हार पराजय
defense	बचाव रक्षा
degree	डिग्री हद
delay	देरी
deliver	वितरित_करना पहुँचाना
demand	माँग माँगना
democratic	लोकतांत्रिक
demonstrate	प्रदर्शन_करना
deny	इनकार_करना
department	विभाग
department_of_labor	श्रम_विभाग
depend	निर्भर_होना
deprave	भ्रष्ट_करना
depress	निराश_करना दबाना
deputy	उप प्रतिनिधि
describe	वर्णन_करना
deserve	हकदार_होना
design	डिजाइन योजना_बनाना
desire	इच्छा चाहत
destroy	नष्ट_करना
determine	निर्धारित_करना
develop	विकसित_करना बनाना
development	विकास प्रगति
diatomic	द्विपरमाणुक
different	अलग भिन्न
difficulty	कठिनाई मुश्किल
diplomatic	कूटनीतिक
direct	सीधा निर्देशित_करना
direction	दिशा
discipline	अनुशासन
discover	खोजना पता_लगाना
discuss	चर्चा_करना बात_करना
dismiss	बर्खास्त_करना
distaste	अरुचि नापसंद
distinction	भेद विशिष्टता
distribute	वितरित_करना
divide	विभाजित_करना
document	दस्तावेज
domestic	घरेलू देशीय
door	दरवाजा द्वार
drama	नाटक
draw	खींचना चित्र_बनाना
dream	सपना
drive	चलाना अभियान
drop_out	छोड़_देना बाहर_निकलना
duck	बत्तख बचना
duty	कर्तव्य दायित्व
early	जल्दी शुरुआती
earn	कमाना
easiest	सबसे_आसान
economic	आर्थिक
economy	अर्थव्यवस्था
education	शिक्षा
effect	प्रभाव असर
effective	प्रभावी
effort	प्रयास
elect	चुनना
election	चुनाव
element	तत्व
emergency	आपातकाल
employee	कर्मचारी
employment	रोजगार नौकरी
enable	सक्षम_करना
encourage	प्रोत्साहित_करना हौसला_देना
end	अंत समाप्त_करना
enemy	शत्रु दुश्मन
energy	ऊर्जा
enforce	लागू_करना
engage	संलग्न_होना
engineer	इंजीनियर
environment	पर्यावरण
epithet	विशेषण संज्ञा
equality	समानता
equipment	उपकरण
escape	भागना बचना
essential	आवश्यक
establish	स्थापित_करना
evaluate	मूल्यांकन_करना
event	घटना आयोजन
evident	स्पष्ट
examination	परीक्षा
examine	जाँचना
excellent	उत्कृष्ट
exchange	विनिमय आदान-प्रदान
executive	कार्यकारी
exemption	छूट अपवाद
expand	विस्तार_करना
expect	उम्मीद_करना अपेक्षा_करना
experience	अनुभव
explain	समझाना व्याख्या_करना
express	व्यक्त_करना
extend	बढ़ाना विस्तार_करना
extent	हद सीमा
face	चेहरा सामना_करना
factor	कारक तत्व
fail	विफल_होना असफल_होना
fall_into	में_गिरना फँसना
fame	प्रसिद्धि
family	परिवार
farmer	किसान
feasible	संभव व्यवहार्य
feel	महसूस_करना
fight	लड़ना झगड़ा
figure	आँकड़ा चित्र
final	अंतिम
finance	वित्त
find	ढूँढना पाना
fire	आग निकालना
fire-fighting	अग्निशमन
firm	दृढ़ कंपनी
flame	ज्वाला लौ
flammable	ज्वलनशील
flap	फड़फड़ाना ढक्कन
floor	फर्श मंजिल
focus	ध्यान_केंद्रित_करना
follow	अनुसरण_करना पीछे_चलना
force	बल शक्ति मजबूर_करना
foreign	विदेशी
form	रूप फॉर्म
formal	औपचारिक
foster_parent	पालक_माता-पिता
foundation	नींव फाउंडेशन
free	मुक्त स्वतंत्र
freedom	स्वतंत्रता
frequently	बार-बार अक्सर
friend	दोस्त मित्र
fulfill	पूरा_करना
full	पूर्ण भरा_हुआ
function	कार्य कार्य_करना
fund	धन निधि
fundamental	मौलिक बुनियादी
future	भविष्य
gain	लाभ प्राप्त_करना
general	सामान्य जनरल
generate	उत्पन्न_करना
generous	उदार
genuine	वास्तविक असली
gift	उपहार तोहफा
give	देना
give_it_a_whirl	एक_बार_आज़माना
goal	लक्ष्य उद्देश्य
gobbler	टर्की
good	अच्छा
government	सरकार
grand	भव्य
grave	गंभीर कब्र
great	महान बड़ा
group	समूह
grow	बढ़ना उगना
growth	वृद्धि बढ़ोतरी
guarantee	गारंटी
guide	मार्गदर्शन_करना गाइड
habitat	आवास
hamper	बाधा_डालना टोकरी
handle	संभालना
happen	होना घटित_होना
happy	खुश
hard	कठिन मेहनती
harm	नुकसान हानि
harsh	कठोर
have	होना रखना
head	सिर प्रमुख
health	स्वास्थ्य
hear	सुनना
heart	हृदय दिल
heavy	भारी
hefty	भारी मजबूत
help	मदद सहायता
heritage	विरासत
hero	नायक हीरो
herself	खुद स्वयं
high	ऊँचा उच्च
high-priced	महँगा उच्च_मूल्य
hike	बढ़ोतरी पैदल_यात्रा
hire	नियुक्त_करना
history	इतिहास
hold	पकड़ना रखना
holiday	छुट्टी अवकाश
home	घर
honest	ईमानदार
honor	सम्मान
hope	उम्मीद आशा
hour	घंटा
house	घर मकान
human	मानव इंसान
hutment	बैरक छावनी
idea	विचार धारणा
ideal	आदर्श
identification	पहचान
identify	पहचानना
ignore	नजरअंदाज_करना
illegal	अवैध
image	छवि तस्वीर
imagine	कल्पना_करना
immediate	तत्काल
immemorial	अनादिकाल_से
impact	प्रभाव
implement	लागू_करना
important	महत्वपूर्ण जरूरी
impose	थोपना
improve	सुधारना
include	शामिल_करना सम्मिलित_करना
income	आय
increase	बढ़ाना वृद्धि
independent	स्वतंत्र
individual	व्यक्ति व्यक्तिगत
influence	प्रभाव
inform	सूचित_करना जानकारी_देना
information	जानकारी सूचना
install	स्थापित_करना
instance	उदाहरण
institute	संस्था
institution	संस्था
instrument	साधन यंत्र
intent	इरादा
interest	रुचि ब्याज
introduce	परिचित_कराना
invest	निवेश_करना
investigate	जाँच_करना
investment	निवेश
invite	आमंत्रित_करना
involve	शामिल_करना
issue	मुद्दा समस्या
job	नौकरी काम
join	शामिल_होना जोड़ना
judge	न्यायाधीश
justice	न्याय
keep	रखना बनाए_रखना
kill	मारना
know	जानना
knowledge	ज्ञान जानकारी
labor	श्रम मजदूरी
lack	कमी अभाव
land	जमीन भूमि
language	भाषा
large	बड़ा
last	अंतिम टिकना
laugh	हँसना
launch	शुरू_करना लॉन्च_करना
law	कानून
lead	नेतृत्व_करना आगे_होना
leader	नेता
learn	सीखना
leave	छोड़ना अवकाश
legal	कानूनी वैध
legitimate	वैध उचित
lending_institution	ऋण_संस्था
level	स्तर
liberty	स्वतंत्रता
life	जीवन
light	प्रकाश हल्का
limit	सीमा
line	रेखा लाइन
little	छोटा थोड़ा
live	जीना रहना
local	स्थानीय
locate	स्थित_करना ढूँढना
logic	तर्क
long	लंबा दीर्घ
look	देखना नज़र
loss	नुकसान हानि
low	नीचा कम
loyal	वफादार निष्ठावान
maintain	बनाए_रखना संभालना
major	प्रमुख मुख्य
make	बनाना करना
man	पुरुष आदमी
manage	प्रबंधन_करना संभालना
market	बाजार
master	मालिक गुरु
matter	मामला महत्व_रखना
mechanism	तंत्र यंत्र
media	मीडिया
medical	चिकित्सा_संबंधी
meet	मिलना
member	सदस्य
message	संदेश
method	तरीका विधि
military	सैन्य
mind	मन दिमाग
minimize	न्यूनतम_करना कम_करना
minimized	न्यूनतम_किया
minister	मंत्री
mission	मिशन अभियान
moderate	मध्यम उचित
modern	आधुनिक
money	पैसा धन
moral	नैतिक
move	चलना हिलना
murder	हत्या
mutual	आपसी
name	नाम
national	राष्ट्रीय
nature	प्रकृति स्वभाव
necessary	आवश्यक
need	जरूरत आवश्यकता
negotiate	बातचीत_करना
network	नेटवर्क जाल
neutral	तटस्थ
new	नया
night	रात
normal	सामान्य
note	नोट ध्यान_देना
notion	धारणा विचार
number	संख्या अंक
objective	उद्देश्य लक्ष्य
obligation	दायित्व बाध्यता
observe	देखना पालन_करना
obtain	प्राप्त_करना
offer	प्रस्ताव देना
official	अधिकारी आधिकारिक
often	अक्सर
old-style	पुराने_ढंग_का
open	खोलना खुला
oppose	विरोध_करना
optimistic	आशावादी
order	आदेश क्रम
organization	संगठन संस्था
overall	समग्र कुल
overcome	जीतना पार_करना
part	भाग हिस्सा
participate	भाग_लेना
party	पार्टी दल
pass	पास_करना गुजरना
passion	जुनून
patient	रोगी धैर्यवान
pay	भुगतान_करना वेतन
peace	शांति
pension	पेंशन
people	लोग जनता
perception	धारणा
perform	प्रदर्शन_करना करना
period	अवधि काल
permanent	स्थायी
person	व्यक्ति
persuade	मनाना
phase	चरण
phenomenon	घटना
phrase	वाक्यांश
physical	शारीरिक
pioneer	अग्रदूत
plan	योजना योजना_बनाना
plea	याचिका
police_chief	पुलिस_प्रमुख
policy	नीति
political	राजनीतिक
poor	गरीब
population	जनसंख्या
position	स्थान पद
possible	संभव मुमकिन
potential	संभावित क्षमता
poverty	गरीबी
power	शक्ति सत्ता
practice	अभ्यास प्रचलन
prayer	प्रार्थना
prepare	तैयार_करना
present	प्रस्तुत_करना वर्तमान
prevent	रोकना
price	कीमत मूल्य
primary	प्राथमिक
principle	सिद्धांत
prisoner	कैदी
private	निजी
problem	समस्या मुश्किल
process	प्रक्रिया तरीका
produce	उत्पादन_करना बनाना
professional	पेशेवर
profit	लाभ मुनाफा
program	कार्यक्रम योजना
progress	प्रगति
promote	बढ़ावा_देना
property	संपत्ति
proposal	प्रस्ताव
protect	सुरक्षित_करना बचाना
protest	विरोध
prove	साबित_करना
provide	प्रदान_करना देना
province	प्रांत
public	सार्वजनिक
purchase	खरीद
purchasing_agent	क्रय_प्रतिनिधि
purpose	उद्देश्य मकसद
pursue	पीछा_करना अनुसरण_करना
qualify	योग्य_होना
quality	गुणवत्ता
question	प्रश्न सवाल
quick	जल्दी तेज
raise	बढ़ाना उठाना
rapid	तेज शीघ्र
rate	दर
reach	पहुँचना पाना
real	वास्तविक
reason	कारण
rebel	विद्रोही
receive	प्राप्त_करना मिलना
recognize	पहचानना
recommend	सुझाव_देना
reconcile	सुलह_करना
recover	ठीक_होना
reduce	कम_करना
reflect	विचार_करना प्रतिबिंबित_होना
reform	सुधार
regime	शासन
region	क्षेत्र
regulate	नियंत्रित_करना
relate	संबंधित_होना
relationship	संबंध
release	रिहा_करना जारी_करना
relevant	प्रासंगिक
relief	राहत
religious	धार्मिक
remain	बना_रहना
remove	हटाना
repeal	रद्द_करना
represent	प्रतिनिधित्व_करना
require	आवश्यक_होना माँगना
requirement	आवश्यकता शर्त
resource	संसाधन
response	प्रतिक्रिया जवाब
responsibility	जिम्मेदारी दायित्व
restore	पुनर्स्थापित_करना
restrict	प्रतिबंधित_करना सीमित_करना
result	परिणाम नतीजा
return	वापस_करना वापसी
revenue	राजस्व आय
review	समीक्षा जाँच
revolution	क्रांति
rich	अमीर
right	अधिकार सही
risk	जोखिम
role	भूमिका
rude	असभ्य अभद्र
rule	नियम शासन_करना
run	चलाना दौड़ना
run_up	बढ़ाना दौड़_कर_पहुँचना
rural	ग्रामीण
sacrifice	बलिदान
safe	सुरक्षित
sale	बिक्री
satisfy	संतुष्ट_करना
save	बचाना बचत_करना
scheme	योजना
scholarship	छात्रवृत्ति
school	विद्यालय स्कूल
scope	दायरा
secure	सुरक्षित_करना
security	सुरक्षा
seek	ढूँढना खोजना
select	चुनना
senior	वरिष्ठ
sense	अर्थ समझ
separate	अलग_करना
serious	गंभीर
service	सेवा
set	सेट निर्धारित_करना
share	साझा_करना शेयर
shoulder	कंधा
show	दिखाना प्रदर्शन
sign	संकेत हस्ताक्षर
significant	महत्वपूर्ण
silent	चुप शांत
simple	सरल
situation	स्थिति परिस्थिति
small	छोटा
so	इसलिए तो
social	सामाजिक
society	समाज
solve	हल_करना
sound	ध्वनि आवाज
source	स्रोत
speak	बोलना
special	विशेष
specific	विशिष्ट
spend	खर्च_करना
spread	फैलाना
stable	स्थिर
standard	मानक
start	शुरू_करना आरंभ
starter	शुरुआत_करने_वाला स्टार्टर
state	राज्य कहना
statement	बयान वक्तव्य
status	स्थिति दर्जा
stay	रहना
step_in	हस्तक्षेप_करना
stop	रोकना
strategy	रणनीति
strengthen	मजबूत_करना
strong	मजबूत
structure	संरचना
struggle	संघर्ष
student	छात्र विद्यार्थी
submit	जमा_करना
substantial	महत्वपूर्ण पर्याप्त
succeed	सफल_होना
success	सफलता
sufficient	पर्याप्त
suggest	सुझाव_देना
supervise	निगरानी_करना
supply	आपूर्ति
support	समर्थन सहारा
survey	सर्वेक्षण
suspend	निलंबित_करना
system	प्रणाली व्यवस्था
take	लेना
take_advantage	फायदा_उठाना
talk	बात_करना बोलना
target	लक्ष्य
task	कार्य
teach	पढ़ाना सिखाना
team	टीम दल
technology	प्रौद्योगिकी
tell	बताना
tension	तनाव
term	शब्द अवधि कार्यकाल
test	परीक्षण जाँचना
think	सोचना
think_of	सोचना विचार_करना
threat	धमकी
time	समय वक्त
today	आज
together	साथ_में
tolerance	सहनशीलता
too_much	बहुत_ज्यादा
total	कुल संपूर्ण
town	कस्बा शहर
trade	व्यापार
tradition	परंपरा
train	प्रशिक्षण_देना ट्रेन
transfer	स्थानांतरण
treatment	उपचार
trend	प्रवृत्ति
trust	विश्वास
truth	सच सत्य
try	कोशिश_करना प्रयास_करना
turn	मुड़ना बारी
type	प्रकार किस्म
understand	समझना
union	संघ एकता
unit	इकाई
unite	एकजुट_करना
university	विश्वविद्यालय
urban	शहरी
use	उपयोग इस्तेमाल_करना
value	मूल्य महत्व
various	विभिन्न
vast	विशाल
vending_machine	वेंडिंग_मशीन
victory	विजय
view	दृष्टिकोण देखना
village	गाँव
violence	हिंसा
virtue	गुण
vision	दृष्टि
visit	भेंट_करना दौरा
vital	महत्वपूर्ण
volume	मात्रा आयतन
vote	मत वोट
vulnerable	संवेदनशील
want	चाहना
war	युद्ध
water	पानी जल
wealth	धन सम्पत्ति
welfare	कल्याण
white	सफेद
wide	चौड़ा
willing	तैयार इच्छुक
win	जीतना
wisdom	बुद्धिमत्ता ज्ञान
witness	गवाह
woman	महिला स्त्री
wonderful	अद्भुत
work	काम कार्य
worker	मजदूर कामगार
world	दुनिया विश्व
worthy	योग्य
write	लिखना
year	साल वर्ष
yield	उपज झुकना
young	युवा जवान
